[
    {
        "model": "auth.permission",
        "pk": 1,
        "fields": {
            "name": "Can add log entry",
            "content_type": 2,
            "codename": "add_logentry"
        }
    },
    {
        "model": "auth.permission",
        "pk": 2,
        "fields": {
            "name": "Can change log entry",
            "content_type": 2,
            "codename": "change_logentry"
        }
    },
    {
        "model": "auth.permission",
        "pk": 3,
        "fields": {
            "name": "Can delete log entry",
            "content_type": 2,
            "codename": "delete_logentry"
        }
    },
    {
        "model": "auth.permission",
        "pk": 4,
        "fields": {
            "name": "Can view log entry",
            "content_type": 2,
            "codename": "view_logentry"
        }
    },
    {
        "model": "auth.permission",
        "pk": 5,
        "fields": {
            "name": "Can add permission",
            "content_type": 3,
            "codename": "add_permission"
        }
    },
    {
        "model": "auth.permission",
        "pk": 6,
        "fields": {
            "name": "Can change permission",
            "content_type": 3,
            "codename": "change_permission"
        }
    },
    {
        "model": "auth.permission",
        "pk": 7,
        "fields": {
            "name": "Can delete permission",
            "content_type": 3,
            "codename": "delete_permission"
        }
    },
    {
        "model": "auth.permission",
        "pk": 8,
        "fields": {
            "name": "Can view permission",
            "content_type": 3,
            "codename": "view_permission"
        }
    },
    {
        "model": "auth.permission",
        "pk": 9,
        "fields": {
            "name": "Can add group",
            "content_type": 4,
            "codename": "add_group"
        }
    },
    {
        "model": "auth.permission",
        "pk": 10,
        "fields": {
            "name": "Can change group",
            "content_type": 4,
            "codename": "change_group"
        }
    },
    {
        "model": "auth.permission",
        "pk": 11,
        "fields": {
            "name": "Can delete group",
            "content_type": 4,
            "codename": "delete_group"
        }
    },
    {
        "model": "auth.permission",
        "pk": 12,
        "fields": {
            "name": "Can view group",
            "content_type": 4,
            "codename": "view_group"
        }
    },
    {
        "model": "auth.permission",
        "pk": 13,
        "fields": {
            "name": "Can add content type",
            "content_type": 5,
            "codename": "add_contenttype"
        }
    },
    {
        "model": "auth.permission",
        "pk": 14,
        "fields": {
            "name": "Can change content type",
            "content_type": 5,
            "codename": "change_contenttype"
        }
    },
    {
        "model": "auth.permission",
        "pk": 15,
        "fields": {
            "name": "Can delete content type",
            "content_type": 5,
            "codename": "delete_contenttype"
        }
    },
    {
        "model": "auth.permission",
        "pk": 16,
        "fields": {
            "name": "Can view content type",
            "content_type": 5,
            "codename": "view_contenttype"
        }
    },
    {
        "model": "auth.permission",
        "pk": 17,
        "fields": {
            "name": "Can add session",
            "content_type": 6,
            "codename": "add_session"
        }
    },
    {
        "model": "auth.permission",
        "pk": 18,
        "fields": {
            "name": "Can change session",
            "content_type": 6,
            "codename": "change_session"
        }
    },
    {
        "model": "auth.permission",
        "pk": 19,
        "fields": {
            "name": "Can delete session",
            "content_type": 6,
            "codename": "delete_session"
        }
    },
    {
        "model": "auth.permission",
        "pk": 20,
        "fields": {
            "name": "Can view session",
            "content_type": 6,
            "codename": "view_session"
        }
    },
    {
        "model": "auth.permission",
        "pk": 21,
        "fields": {
            "name": "Can add site",
            "content_type": 7,
            "codename": "add_site"
        }
    },
    {
        "model": "auth.permission",
        "pk": 22,
        "fields": {
            "name": "Can change site",
            "content_type": 7,
            "codename": "change_site"
        }
    },
    {
        "model": "auth.permission",
        "pk": 23,
        "fields": {
            "name": "Can delete site",
            "content_type": 7,
            "codename": "delete_site"
        }
    },
    {
        "model": "auth.permission",
        "pk": 24,
        "fields": {
            "name": "Can view site",
            "content_type": 7,
            "codename": "view_site"
        }
    },
    {
        "model": "auth.permission",
        "pk": 25,
        "fields": {
            "name": "Can add redirect",
            "content_type": 8,
            "codename": "add_redirect"
        }
    },
    {
        "model": "auth.permission",
        "pk": 26,
        "fields": {
            "name": "Can change redirect",
            "content_type": 8,
            "codename": "change_redirect"
        }
    },
    {
        "model": "auth.permission",
        "pk": 27,
        "fields": {
            "name": "Can delete redirect",
            "content_type": 8,
            "codename": "delete_redirect"
        }
    },
    {
        "model": "auth.permission",
        "pk": 28,
        "fields": {
            "name": "Can view redirect",
            "content_type": 8,
            "codename": "view_redirect"
        }
    },
    {
        "model": "auth.permission",
        "pk": 29,
        "fields": {
            "name": "Can add flat page",
            "content_type": 9,
            "codename": "add_flatpage"
        }
    },
    {
        "model": "auth.permission",
        "pk": 30,
        "fields": {
            "name": "Can change flat page",
            "content_type": 9,
            "codename": "change_flatpage"
        }
    },
    {
        "model": "auth.permission",
        "pk": 31,
        "fields": {
            "name": "Can delete flat page",
            "content_type": 9,
            "codename": "delete_flatpage"
        }
    },
    {
        "model": "auth.permission",
        "pk": 32,
        "fields": {
            "name": "Can view flat page",
            "content_type": 9,
            "codename": "view_flatpage"
        }
    },
    {
        "model": "auth.permission",
        "pk": 33,
        "fields": {
            "name": "Can add user",
            "content_type": 10,
            "codename": "add_user"
        }
    },
    {
        "model": "auth.permission",
        "pk": 34,
        "fields": {
            "name": "Can change user",
            "content_type": 10,
            "codename": "change_user"
        }
    },
    {
        "model": "auth.permission",
        "pk": 35,
        "fields": {
            "name": "Can delete user",
            "content_type": 10,
            "codename": "delete_user"
        }
    },
    {
        "model": "auth.permission",
        "pk": 36,
        "fields": {
            "name": "Can view user",
            "content_type": 10,
            "codename": "view_user"
        }
    },
    {
        "model": "auth.permission",
        "pk": 37,
        "fields": {
            "name": "Can add Forum",
            "content_type": 11,
            "codename": "add_forum"
        }
    },
    {
        "model": "auth.permission",
        "pk": 38,
        "fields": {
            "name": "Can change Forum",
            "content_type": 11,
            "codename": "change_forum"
        }
    },
    {
        "model": "auth.permission",
        "pk": 39,
        "fields": {
            "name": "Can delete Forum",
            "content_type": 11,
            "codename": "delete_forum"
        }
    },
    {
        "model": "auth.permission",
        "pk": 40,
        "fields": {
            "name": "Can view Forum",
            "content_type": 11,
            "codename": "view_forum"
        }
    },
    {
        "model": "auth.permission",
        "pk": 41,
        "fields": {
            "name": "Can add Post",
            "content_type": 1,
            "codename": "add_post"
        }
    },
    {
        "model": "auth.permission",
        "pk": 42,
        "fields": {
            "name": "Can change Post",
            "content_type": 1,
            "codename": "change_post"
        }
    },
    {
        "model": "auth.permission",
        "pk": 43,
        "fields": {
            "name": "Can delete Post",
            "content_type": 1,
            "codename": "delete_post"
        }
    },
    {
        "model": "auth.permission",
        "pk": 44,
        "fields": {
            "name": "Can view Post",
            "content_type": 1,
            "codename": "view_post"
        }
    },
    {
        "model": "auth.permission",
        "pk": 45,
        "fields": {
            "name": "Can add Topic",
            "content_type": 12,
            "codename": "add_topic"
        }
    },
    {
        "model": "auth.permission",
        "pk": 46,
        "fields": {
            "name": "Can change Topic",
            "content_type": 12,
            "codename": "change_topic"
        }
    },
    {
        "model": "auth.permission",
        "pk": 47,
        "fields": {
            "name": "Can delete Topic",
            "content_type": 12,
            "codename": "delete_topic"
        }
    },
    {
        "model": "auth.permission",
        "pk": 48,
        "fields": {
            "name": "Can view Topic",
            "content_type": 12,
            "codename": "view_topic"
        }
    },
    {
        "model": "auth.permission",
        "pk": 49,
        "fields": {
            "name": "Can add certified post",
            "content_type": 13,
            "codename": "add_certifiedpost"
        }
    },
    {
        "model": "auth.permission",
        "pk": 50,
        "fields": {
            "name": "Can change certified post",
            "content_type": 13,
            "codename": "change_certifiedpost"
        }
    },
    {
        "model": "auth.permission",
        "pk": 51,
        "fields": {
            "name": "Can delete certified post",
            "content_type": 13,
            "codename": "delete_certifiedpost"
        }
    },
    {
        "model": "auth.permission",
        "pk": 52,
        "fields": {
            "name": "Can view certified post",
            "content_type": 13,
            "codename": "view_certifiedpost"
        }
    },
    {
        "model": "auth.permission",
        "pk": 53,
        "fields": {
            "name": "Can add Attachment",
            "content_type": 14,
            "codename": "add_attachment"
        }
    },
    {
        "model": "auth.permission",
        "pk": 54,
        "fields": {
            "name": "Can change Attachment",
            "content_type": 14,
            "codename": "change_attachment"
        }
    },
    {
        "model": "auth.permission",
        "pk": 55,
        "fields": {
            "name": "Can delete Attachment",
            "content_type": 14,
            "codename": "delete_attachment"
        }
    },
    {
        "model": "auth.permission",
        "pk": 56,
        "fields": {
            "name": "Can view Attachment",
            "content_type": 14,
            "codename": "view_attachment"
        }
    },
    {
        "model": "auth.permission",
        "pk": 57,
        "fields": {
            "name": "Can add Topic poll",
            "content_type": 15,
            "codename": "add_topicpoll"
        }
    },
    {
        "model": "auth.permission",
        "pk": 58,
        "fields": {
            "name": "Can change Topic poll",
            "content_type": 15,
            "codename": "change_topicpoll"
        }
    },
    {
        "model": "auth.permission",
        "pk": 59,
        "fields": {
            "name": "Can delete Topic poll",
            "content_type": 15,
            "codename": "delete_topicpoll"
        }
    },
    {
        "model": "auth.permission",
        "pk": 60,
        "fields": {
            "name": "Can view Topic poll",
            "content_type": 15,
            "codename": "view_topicpoll"
        }
    },
    {
        "model": "auth.permission",
        "pk": 61,
        "fields": {
            "name": "Can add Topic poll option",
            "content_type": 16,
            "codename": "add_topicpolloption"
        }
    },
    {
        "model": "auth.permission",
        "pk": 62,
        "fields": {
            "name": "Can change Topic poll option",
            "content_type": 16,
            "codename": "change_topicpolloption"
        }
    },
    {
        "model": "auth.permission",
        "pk": 63,
        "fields": {
            "name": "Can delete Topic poll option",
            "content_type": 16,
            "codename": "delete_topicpolloption"
        }
    },
    {
        "model": "auth.permission",
        "pk": 64,
        "fields": {
            "name": "Can view Topic poll option",
            "content_type": 16,
            "codename": "view_topicpolloption"
        }
    },
    {
        "model": "auth.permission",
        "pk": 65,
        "fields": {
            "name": "Can add Topic poll vote",
            "content_type": 17,
            "codename": "add_topicpollvote"
        }
    },
    {
        "model": "auth.permission",
        "pk": 66,
        "fields": {
            "name": "Can change Topic poll vote",
            "content_type": 17,
            "codename": "change_topicpollvote"
        }
    },
    {
        "model": "auth.permission",
        "pk": 67,
        "fields": {
            "name": "Can delete Topic poll vote",
            "content_type": 17,
            "codename": "delete_topicpollvote"
        }
    },
    {
        "model": "auth.permission",
        "pk": 68,
        "fields": {
            "name": "Can view Topic poll vote",
            "content_type": 17,
            "codename": "view_topicpollvote"
        }
    },
    {
        "model": "auth.permission",
        "pk": 69,
        "fields": {
            "name": "Can add Forum profile",
            "content_type": 18,
            "codename": "add_forumprofile"
        }
    },
    {
        "model": "auth.permission",
        "pk": 70,
        "fields": {
            "name": "Can change Forum profile",
            "content_type": 18,
            "codename": "change_forumprofile"
        }
    },
    {
        "model": "auth.permission",
        "pk": 71,
        "fields": {
            "name": "Can delete Forum profile",
            "content_type": 18,
            "codename": "delete_forumprofile"
        }
    },
    {
        "model": "auth.permission",
        "pk": 72,
        "fields": {
            "name": "Can view Forum profile",
            "content_type": 18,
            "codename": "view_forumprofile"
        }
    },
    {
        "model": "auth.permission",
        "pk": 73,
        "fields": {
            "name": "Can add up vote",
            "content_type": 19,
            "codename": "add_upvote"
        }
    },
    {
        "model": "auth.permission",
        "pk": 74,
        "fields": {
            "name": "Can change up vote",
            "content_type": 19,
            "codename": "change_upvote"
        }
    },
    {
        "model": "auth.permission",
        "pk": 75,
        "fields": {
            "name": "Can delete up vote",
            "content_type": 19,
            "codename": "delete_upvote"
        }
    },
    {
        "model": "auth.permission",
        "pk": 76,
        "fields": {
            "name": "Can view up vote",
            "content_type": 19,
            "codename": "view_upvote"
        }
    },
    {
        "model": "auth.permission",
        "pk": 77,
        "fields": {
            "name": "Can add Stat",
            "content_type": 20,
            "codename": "add_stat"
        }
    },
    {
        "model": "auth.permission",
        "pk": 78,
        "fields": {
            "name": "Can change Stat",
            "content_type": 20,
            "codename": "change_stat"
        }
    },
    {
        "model": "auth.permission",
        "pk": 79,
        "fields": {
            "name": "Can delete Stat",
            "content_type": 20,
            "codename": "delete_stat"
        }
    },
    {
        "model": "auth.permission",
        "pk": 80,
        "fields": {
            "name": "Can view Stat",
            "content_type": 20,
            "codename": "view_stat"
        }
    },
    {
        "model": "auth.permission",
        "pk": 81,
        "fields": {
            "name": "Can add Trace des emails envoyés",
            "content_type": 21,
            "codename": "add_emailsenttrack"
        }
    },
    {
        "model": "auth.permission",
        "pk": 82,
        "fields": {
            "name": "Can change Trace des emails envoyés",
            "content_type": 21,
            "codename": "change_emailsenttrack"
        }
    },
    {
        "model": "auth.permission",
        "pk": 83,
        "fields": {
            "name": "Can delete Trace des emails envoyés",
            "content_type": 21,
            "codename": "delete_emailsenttrack"
        }
    },
    {
        "model": "auth.permission",
        "pk": 84,
        "fields": {
            "name": "Can view Trace des emails envoyés",
            "content_type": 21,
            "codename": "view_emailsenttrack"
        }
    },
    {
        "model": "auth.permission",
        "pk": 85,
        "fields": {
            "name": "Can add Emails en erreur",
            "content_type": 22,
            "codename": "add_bouncedemail"
        }
    },
    {
        "model": "auth.permission",
        "pk": 86,
        "fields": {
            "name": "Can change Emails en erreur",
            "content_type": 22,
            "codename": "change_bouncedemail"
        }
    },
    {
        "model": "auth.permission",
        "pk": 87,
        "fields": {
            "name": "Can delete Emails en erreur",
            "content_type": 22,
            "codename": "delete_bouncedemail"
        }
    },
    {
        "model": "auth.permission",
        "pk": 88,
        "fields": {
            "name": "Can view Emails en erreur",
            "content_type": 22,
            "codename": "view_bouncedemail"
        }
    },
    {
        "model": "auth.permission",
        "pk": 89,
        "fields": {
            "name": "Can add Event",
            "content_type": 23,
            "codename": "add_event"
        }
    },
    {
        "model": "auth.permission",
        "pk": 90,
        "fields": {
            "name": "Can change Event",
            "content_type": 23,
            "codename": "change_event"
        }
    },
    {
        "model": "auth.permission",
        "pk": 91,
        "fields": {
            "name": "Can delete Event",
            "content_type": 23,
            "codename": "delete_event"
        }
    },
    {
        "model": "auth.permission",
        "pk": 92,
        "fields": {
            "name": "Can view Event",
            "content_type": 23,
            "codename": "view_event"
        }
    },
    {
        "model": "auth.permission",
        "pk": 93,
        "fields": {
            "name": "Can add inclusion connect state",
            "content_type": 24,
            "codename": "add_inclusionconnectstate"
        }
    },
    {
        "model": "auth.permission",
        "pk": 94,
        "fields": {
            "name": "Can change inclusion connect state",
            "content_type": 24,
            "codename": "change_inclusionconnectstate"
        }
    },
    {
        "model": "auth.permission",
        "pk": 95,
        "fields": {
            "name": "Can delete inclusion connect state",
            "content_type": 24,
            "codename": "delete_inclusionconnectstate"
        }
    },
    {
        "model": "auth.permission",
        "pk": 96,
        "fields": {
            "name": "Can view inclusion connect state",
            "content_type": 24,
            "codename": "view_inclusionconnectstate"
        }
    },
    {
        "model": "auth.permission",
        "pk": 97,
        "fields": {
            "name": "Can add Fichier public",
            "content_type": 25,
            "codename": "add_publicfile"
        }
    },
    {
        "model": "auth.permission",
        "pk": 98,
        "fields": {
            "name": "Can change Fichier public",
            "content_type": 25,
            "codename": "change_publicfile"
        }
    },
    {
        "model": "auth.permission",
        "pk": 99,
        "fields": {
            "name": "Can delete Fichier public",
            "content_type": 25,
            "codename": "delete_publicfile"
        }
    },
    {
        "model": "auth.permission",
        "pk": 100,
        "fields": {
            "name": "Can view Fichier public",
            "content_type": 25,
            "codename": "view_publicfile"
        }
    },
    {
        "model": "auth.permission",
        "pk": 101,
        "fields": {
            "name": "Can add Forum track",
            "content_type": 26,
            "codename": "add_forumreadtrack"
        }
    },
    {
        "model": "auth.permission",
        "pk": 102,
        "fields": {
            "name": "Can change Forum track",
            "content_type": 26,
            "codename": "change_forumreadtrack"
        }
    },
    {
        "model": "auth.permission",
        "pk": 103,
        "fields": {
            "name": "Can delete Forum track",
            "content_type": 26,
            "codename": "delete_forumreadtrack"
        }
    },
    {
        "model": "auth.permission",
        "pk": 104,
        "fields": {
            "name": "Can view Forum track",
            "content_type": 26,
            "codename": "view_forumreadtrack"
        }
    },
    {
        "model": "auth.permission",
        "pk": 105,
        "fields": {
            "name": "Can add Topic track",
            "content_type": 27,
            "codename": "add_topicreadtrack"
        }
    },
    {
        "model": "auth.permission",
        "pk": 106,
        "fields": {
            "name": "Can change Topic track",
            "content_type": 27,
            "codename": "change_topicreadtrack"
        }
    },
    {
        "model": "auth.permission",
        "pk": 107,
        "fields": {
            "name": "Can delete Topic track",
            "content_type": 27,
            "codename": "delete_topicreadtrack"
        }
    },
    {
        "model": "auth.permission",
        "pk": 108,
        "fields": {
            "name": "Can view Topic track",
            "content_type": 27,
            "codename": "view_topicreadtrack"
        }
    },
    {
        "model": "auth.permission",
        "pk": 109,
        "fields": {
            "name": "Can add Forum permission",
            "content_type": 28,
            "codename": "add_forumpermission"
        }
    },
    {
        "model": "auth.permission",
        "pk": 110,
        "fields": {
            "name": "Can change Forum permission",
            "content_type": 28,
            "codename": "change_forumpermission"
        }
    },
    {
        "model": "auth.permission",
        "pk": 111,
        "fields": {
            "name": "Can delete Forum permission",
            "content_type": 28,
            "codename": "delete_forumpermission"
        }
    },
    {
        "model": "auth.permission",
        "pk": 112,
        "fields": {
            "name": "Can view Forum permission",
            "content_type": 28,
            "codename": "view_forumpermission"
        }
    },
    {
        "model": "auth.permission",
        "pk": 113,
        "fields": {
            "name": "Can add Group forum permission",
            "content_type": 29,
            "codename": "add_groupforumpermission"
        }
    },
    {
        "model": "auth.permission",
        "pk": 114,
        "fields": {
            "name": "Can change Group forum permission",
            "content_type": 29,
            "codename": "change_groupforumpermission"
        }
    },
    {
        "model": "auth.permission",
        "pk": 115,
        "fields": {
            "name": "Can delete Group forum permission",
            "content_type": 29,
            "codename": "delete_groupforumpermission"
        }
    },
    {
        "model": "auth.permission",
        "pk": 116,
        "fields": {
            "name": "Can view Group forum permission",
            "content_type": 29,
            "codename": "view_groupforumpermission"
        }
    },
    {
        "model": "auth.permission",
        "pk": 117,
        "fields": {
            "name": "Can add User forum permission",
            "content_type": 30,
            "codename": "add_userforumpermission"
        }
    },
    {
        "model": "auth.permission",
        "pk": 118,
        "fields": {
            "name": "Can change User forum permission",
            "content_type": 30,
            "codename": "change_userforumpermission"
        }
    },
    {
        "model": "auth.permission",
        "pk": 119,
        "fields": {
            "name": "Can delete User forum permission",
            "content_type": 30,
            "codename": "delete_userforumpermission"
        }
    },
    {
        "model": "auth.permission",
        "pk": 120,
        "fields": {
            "name": "Can view User forum permission",
            "content_type": 30,
            "codename": "view_userforumpermission"
        }
    },
    {
        "model": "auth.permission",
        "pk": 121,
        "fields": {
            "name": "Can add tag",
            "content_type": 31,
            "codename": "add_tag"
        }
    },
    {
        "model": "auth.permission",
        "pk": 122,
        "fields": {
            "name": "Can change tag",
            "content_type": 31,
            "codename": "change_tag"
        }
    },
    {
        "model": "auth.permission",
        "pk": 123,
        "fields": {
            "name": "Can delete tag",
            "content_type": 31,
            "codename": "delete_tag"
        }
    },
    {
        "model": "auth.permission",
        "pk": 124,
        "fields": {
            "name": "Can view tag",
            "content_type": 31,
            "codename": "view_tag"
        }
    },
    {
        "model": "auth.permission",
        "pk": 125,
        "fields": {
            "name": "Can add tagged item",
            "content_type": 32,
            "codename": "add_taggeditem"
        }
    },
    {
        "model": "auth.permission",
        "pk": 126,
        "fields": {
            "name": "Can change tagged item",
            "content_type": 32,
            "codename": "change_taggeditem"
        }
    },
    {
        "model": "auth.permission",
        "pk": 127,
        "fields": {
            "name": "Can delete tagged item",
            "content_type": 32,
            "codename": "delete_taggeditem"
        }
    },
    {
        "model": "auth.permission",
        "pk": 128,
        "fields": {
            "name": "Can view tagged item",
            "content_type": 32,
            "codename": "view_taggeditem"
        }
    },
    {
        "model": "auth.group",
        "pk": 1,
        "fields": {
            "name": "Kerry Conley",
            "permissions": []
        }
    },
    {
        "model": "auth.group",
        "pk": 2,
        "fields": {
            "name": "Norma Mahoney",
            "permissions": []
        }
    },
    {
        "model": "auth.group",
        "pk": 3,
        "fields": {
            "name": "Evan Quinn",
            "permissions": []
        }
    },
    {
        "model": "auth.group",
        "pk": 4,
        "fields": {
            "name": "Michelle Barrett",
            "permissions": []
        }
    },
    {
        "model": "auth.group",
        "pk": 5,
        "fields": {
            "name": "Elizabeth Roberts",
            "permissions": []
        }
    },
    {
        "model": "auth.group",
        "pk": 6,
        "fields": {
            "name": "Christopher Anderson",
            "permissions": []
        }
    },
    {
        "model": "auth.group",
        "pk": 7,
        "fields": {
            "name": "Vanessa Nunez",
            "permissions": []
        }
    },
    {
        "model": "auth.group",
        "pk": 8,
        "fields": {
            "name": "Crystal Patterson",
            "permissions": []
        }
    },
    {
        "model": "auth.group",
        "pk": 9,
        "fields": {
            "name": "Mary Williams",
            "permissions": []
        }
    },
    {
        "model": "auth.group",
        "pk": 10,
        "fields": {
            "name": "Jenna Snyder",
            "permissions": []
        }
    },
    {
        "model": "auth.group",
        "pk": 11,
        "fields": {
            "name": "Sean Kelley",
            "permissions": []
        }
    },
    {
        "model": "auth.group",
        "pk": 12,
        "fields": {
            "name": "Ashley Caldwell",
            "permissions": []
        }
    },
    {
        "model": "auth.group",
        "pk": 13,
        "fields": {
            "name": "Jerry Wolf",
            "permissions": []
        }
    },
    {
        "model": "auth.group",
        "pk": 14,
        "fields": {
            "name": "Emily Rodriguez",
            "permissions": []
        }
    },
    {
        "model": "auth.group",
        "pk": 15,
        "fields": {
            "name": "Lisa Turner",
            "permissions": []
        }
    },
    {
        "model": "contenttypes.contenttype",
        "pk": 1,
        "fields": {
            "app_label": "forum_conversation",
            "model": "post"
        }
    },
    {
        "model": "contenttypes.contenttype",
        "pk": 2,
        "fields": {
            "app_label": "admin",
            "model": "logentry"
        }
    },
    {
        "model": "contenttypes.contenttype",
        "pk": 3,
        "fields": {
            "app_label": "auth",
            "model": "permission"
        }
    },
    {
        "model": "contenttypes.contenttype",
        "pk": 4,
        "fields": {
            "app_label": "auth",
            "model": "group"
        }
    },
    {
        "model": "contenttypes.contenttype",
        "pk": 5,
        "fields": {
            "app_label": "contenttypes",
            "model": "contenttype"
        }
    },
    {
        "model": "contenttypes.contenttype",
        "pk": 6,
        "fields": {
            "app_label": "sessions",
            "model": "session"
        }
    },
    {
        "model": "contenttypes.contenttype",
        "pk": 7,
        "fields": {
            "app_label": "sites",
            "model": "site"
        }
    },
    {
        "model": "contenttypes.contenttype",
        "pk": 8,
        "fields": {
            "app_label": "redirects",
            "model": "redirect"
        }
    },
    {
        "model": "contenttypes.contenttype",
        "pk": 9,
        "fields": {
            "app_label": "flatpages",
            "model": "flatpage"
        }
    },
    {
        "model": "contenttypes.contenttype",
        "pk": 10,
        "fields": {
            "app_label": "users",
            "model": "user"
        }
    },
    {
        "model": "contenttypes.contenttype",
        "pk": 11,
        "fields": {
            "app_label": "forum",
            "model": "forum"
        }
    },
    {
        "model": "contenttypes.contenttype",
        "pk": 12,
        "fields": {
            "app_label": "forum_conversation",
            "model": "topic"
        }
    },
    {
        "model": "contenttypes.contenttype",
        "pk": 13,
        "fields": {
            "app_label": "forum_conversation",
            "model": "certifiedpost"
        }
    },
    {
        "model": "contenttypes.contenttype",
        "pk": 14,
        "fields": {
            "app_label": "forum_attachments",
            "model": "attachment"
        }
    },
    {
        "model": "contenttypes.contenttype",
        "pk": 15,
        "fields": {
            "app_label": "forum_polls",
            "model": "topicpoll"
        }
    },
    {
        "model": "contenttypes.contenttype",
        "pk": 16,
        "fields": {
            "app_label": "forum_polls",
            "model": "topicpolloption"
        }
    },
    {
        "model": "contenttypes.contenttype",
        "pk": 17,
        "fields": {
            "app_label": "forum_polls",
            "model": "topicpollvote"
        }
    },
    {
        "model": "contenttypes.contenttype",
        "pk": 18,
        "fields": {
            "app_label": "forum_member",
            "model": "forumprofile"
        }
    },
    {
        "model": "contenttypes.contenttype",
        "pk": 19,
        "fields": {
            "app_label": "forum_upvote",
            "model": "upvote"
        }
    },
    {
        "model": "contenttypes.contenttype",
        "pk": 20,
        "fields": {
            "app_label": "forum_stats",
            "model": "stat"
        }
    },
    {
        "model": "contenttypes.contenttype",
        "pk": 21,
        "fields": {
            "app_label": "notification",
            "model": "emailsenttrack"
        }
    },
    {
        "model": "contenttypes.contenttype",
        "pk": 22,
        "fields": {
            "app_label": "notification",
            "model": "bouncedemail"
        }
    },
    {
        "model": "contenttypes.contenttype",
        "pk": 23,
        "fields": {
            "app_label": "event",
            "model": "event"
        }
    },
    {
        "model": "contenttypes.contenttype",
        "pk": 24,
        "fields": {
            "app_label": "inclusion_connect",
            "model": "inclusionconnectstate"
        }
    },
    {
        "model": "contenttypes.contenttype",
        "pk": 25,
        "fields": {
            "app_label": "forum_file",
            "model": "publicfile"
        }
    },
    {
        "model": "contenttypes.contenttype",
        "pk": 26,
        "fields": {
            "app_label": "forum_tracking",
            "model": "forumreadtrack"
        }
    },
    {
        "model": "contenttypes.contenttype",
        "pk": 27,
        "fields": {
            "app_label": "forum_tracking",
            "model": "topicreadtrack"
        }
    },
    {
        "model": "contenttypes.contenttype",
        "pk": 28,
        "fields": {
            "app_label": "forum_permission",
            "model": "forumpermission"
        }
    },
    {
        "model": "contenttypes.contenttype",
        "pk": 29,
        "fields": {
            "app_label": "forum_permission",
            "model": "groupforumpermission"
        }
    },
    {
        "model": "contenttypes.contenttype",
        "pk": 30,
        "fields": {
            "app_label": "forum_permission",
            "model": "userforumpermission"
        }
    },
    {
        "model": "contenttypes.contenttype",
        "pk": 31,
        "fields": {
            "app_label": "taggit",
            "model": "tag"
        }
    },
    {
        "model": "contenttypes.contenttype",
        "pk": 32,
        "fields": {
            "app_label": "taggit",
            "model": "taggeditem"
        }
    },
    {
        "model": "sites.site",
        "pk": 1,
        "fields": {
            "domain": "example.com",
            "name": "example.com"
        }
    },
    {
        "model": "users.user",
        "pk": 1,
        "fields": {
            "password": "pbkdf2_sha256$600000$ge3hgmO6GXBHN5VcFfYTrr$q1r1NCZyVGeopKhbnzm0kL20HBvOwOb7IOI3x8Vu24A=",
            "last_login": "2023-09-07T08:47:21.388Z",
            "is_superuser": true,
            "username": "communaute",
            "first_name": "",
            "last_name": "",
            "email": "communaute@inclusion.beta.gouv.fr",
            "is_staff": true,
            "is_active": true,
            "date_joined": "2023-09-07T08:37:01.779Z",
            "groups": [],
            "user_permissions": []
        }
    },
    {
        "model": "users.user",
        "pk": 2,
        "fields": {
            "password": "pbkdf2_sha256$600000$iP8Uc4dNzQkKvpsBKRegzg$Exb6BaJe79DKipdIklJMTPHZcay1xA7e+TTwYOHdoGs=",
            "last_login": null,
            "is_superuser": false,
            "username": "Christopher_Gardner_163",
            "first_name": "Christopher",
            "last_name": "Gardner",
            "email": "pwilliams@example.org",
            "is_staff": false,
            "is_active": true,
            "date_joined": "2023-09-07T08:51:07.544Z",
            "groups": [],
            "user_permissions": []
        }
    },
    {
        "model": "users.user",
        "pk": 3,
        "fields": {
            "password": "pbkdf2_sha256$600000$iP8Uc4dNzQkKvpsBKRegzg$Exb6BaJe79DKipdIklJMTPHZcay1xA7e+TTwYOHdoGs=",
            "last_login": null,
            "is_superuser": false,
            "username": "Daniel_Fletcher_185",
            "first_name": "Daniel",
            "last_name": "Fletcher",
            "email": "reginaldsanchez@example.net",
            "is_staff": false,
            "is_active": true,
            "date_joined": "2023-09-07T08:51:07.646Z",
            "groups": [],
            "user_permissions": []
        }
    },
    {
        "model": "users.user",
        "pk": 4,
        "fields": {
            "password": "pbkdf2_sha256$600000$iP8Uc4dNzQkKvpsBKRegzg$Exb6BaJe79DKipdIklJMTPHZcay1xA7e+TTwYOHdoGs=",
            "last_login": null,
            "is_superuser": false,
            "username": "Victoria_Ruiz_684",
            "first_name": "Victoria",
            "last_name": "Ruiz",
            "email": "smithamanda@example.com",
            "is_staff": false,
            "is_active": true,
            "date_joined": "2023-09-07T08:51:07.695Z",
            "groups": [],
            "user_permissions": []
        }
    },
    {
        "model": "users.user",
        "pk": 5,
        "fields": {
            "password": "pbkdf2_sha256$600000$iP8Uc4dNzQkKvpsBKRegzg$Exb6BaJe79DKipdIklJMTPHZcay1xA7e+TTwYOHdoGs=",
            "last_login": null,
            "is_superuser": false,
            "username": "Jeremy_Stewart_593",
            "first_name": "Jeremy",
            "last_name": "Stewart",
            "email": "knicholson@example.com",
            "is_staff": false,
            "is_active": true,
            "date_joined": "2023-09-07T08:51:07.741Z",
            "groups": [],
            "user_permissions": []
        }
    },
    {
        "model": "users.user",
        "pk": 6,
        "fields": {
            "password": "pbkdf2_sha256$600000$iP8Uc4dNzQkKvpsBKRegzg$Exb6BaJe79DKipdIklJMTPHZcay1xA7e+TTwYOHdoGs=",
            "last_login": null,
            "is_superuser": false,
            "username": "Jennifer_Simmons_398",
            "first_name": "Jennifer",
            "last_name": "Simmons",
            "email": "davidwhite@example.net",
            "is_staff": false,
            "is_active": true,
            "date_joined": "2023-09-07T08:51:07.786Z",
            "groups": [],
            "user_permissions": []
        }
    },
    {
        "model": "users.user",
        "pk": 7,
        "fields": {
            "password": "pbkdf2_sha256$600000$iP8Uc4dNzQkKvpsBKRegzg$Exb6BaJe79DKipdIklJMTPHZcay1xA7e+TTwYOHdoGs=",
            "last_login": null,
            "is_superuser": false,
            "username": "Gregory_Rosario_483",
            "first_name": "Gregory",
            "last_name": "Rosario",
            "email": "anthonynelson@example.com",
            "is_staff": false,
            "is_active": true,
            "date_joined": "2023-09-07T08:51:07.829Z",
            "groups": [],
            "user_permissions": []
        }
    },
    {
        "model": "users.user",
        "pk": 8,
        "fields": {
            "password": "pbkdf2_sha256$600000$iP8Uc4dNzQkKvpsBKRegzg$Exb6BaJe79DKipdIklJMTPHZcay1xA7e+TTwYOHdoGs=",
            "last_login": null,
            "is_superuser": false,
            "username": "Jessica_Sosa_914",
            "first_name": "Jessica",
            "last_name": "Sosa",
            "email": "dawn17@example.net",
            "is_staff": false,
            "is_active": true,
            "date_joined": "2023-09-07T08:51:07.875Z",
            "groups": [],
            "user_permissions": []
        }
    },
    {
        "model": "users.user",
        "pk": 9,
        "fields": {
            "password": "pbkdf2_sha256$600000$iP8Uc4dNzQkKvpsBKRegzg$Exb6BaJe79DKipdIklJMTPHZcay1xA7e+TTwYOHdoGs=",
            "last_login": null,
            "is_superuser": false,
            "username": "Mark_Cameron_113",
            "first_name": "Mark",
            "last_name": "Cameron",
            "email": "aliciachapman@example.com",
            "is_staff": false,
            "is_active": true,
            "date_joined": "2023-09-07T08:51:07.919Z",
            "groups": [],
            "user_permissions": []
        }
    },
    {
        "model": "users.user",
        "pk": 10,
        "fields": {
            "password": "pbkdf2_sha256$600000$iP8Uc4dNzQkKvpsBKRegzg$Exb6BaJe79DKipdIklJMTPHZcay1xA7e+TTwYOHdoGs=",
            "last_login": null,
            "is_superuser": false,
            "username": "Sheryl_Johnson_432",
            "first_name": "Sheryl",
            "last_name": "Johnson",
            "email": "kevinwoods@example.org",
            "is_staff": false,
            "is_active": true,
            "date_joined": "2023-09-07T08:51:07.962Z",
            "groups": [],
            "user_permissions": []
        }
    },
    {
        "model": "users.user",
        "pk": 11,
        "fields": {
            "password": "pbkdf2_sha256$600000$iP8Uc4dNzQkKvpsBKRegzg$Exb6BaJe79DKipdIklJMTPHZcay1xA7e+TTwYOHdoGs=",
            "last_login": null,
            "is_superuser": false,
            "username": "Kelly_Jones_594",
            "first_name": "Kelly",
            "last_name": "Jones",
            "email": "stacy39@example.org",
            "is_staff": false,
            "is_active": true,
            "date_joined": "2023-09-07T08:51:08.007Z",
            "groups": [],
            "user_permissions": []
        }
    },
    {
        "model": "users.user",
        "pk": 12,
        "fields": {
            "password": "pbkdf2_sha256$600000$iP8Uc4dNzQkKvpsBKRegzg$Exb6BaJe79DKipdIklJMTPHZcay1xA7e+TTwYOHdoGs=",
            "last_login": null,
            "is_superuser": false,
            "username": "Angie_Smith_863",
            "first_name": "Angie",
            "last_name": "Smith",
            "email": "matthew06@example.net",
            "is_staff": false,
            "is_active": true,
            "date_joined": "2023-09-07T08:51:08.052Z",
            "groups": [],
            "user_permissions": []
        }
    },
    {
        "model": "users.user",
        "pk": 13,
        "fields": {
            "password": "pbkdf2_sha256$600000$iP8Uc4dNzQkKvpsBKRegzg$Exb6BaJe79DKipdIklJMTPHZcay1xA7e+TTwYOHdoGs=",
            "last_login": null,
            "is_superuser": false,
            "username": "Rachel_Lopez_766",
            "first_name": "Rachel",
            "last_name": "Lopez",
            "email": "anthony69@example.com",
            "is_staff": false,
            "is_active": true,
            "date_joined": "2023-09-07T08:51:08.118Z",
            "groups": [],
            "user_permissions": []
        }
    },
    {
        "model": "users.user",
        "pk": 14,
        "fields": {
            "password": "pbkdf2_sha256$600000$iP8Uc4dNzQkKvpsBKRegzg$Exb6BaJe79DKipdIklJMTPHZcay1xA7e+TTwYOHdoGs=",
            "last_login": null,
            "is_superuser": false,
            "username": "Jeremy_Thomas_156",
            "first_name": "Jeremy",
            "last_name": "Thomas",
            "email": "courtneyanderson@example.com",
            "is_staff": false,
            "is_active": true,
            "date_joined": "2023-09-07T08:52:09.833Z",
            "groups": [],
            "user_permissions": []
        }
    },
    {
        "model": "users.user",
        "pk": 15,
        "fields": {
            "password": "pbkdf2_sha256$600000$iP8Uc4dNzQkKvpsBKRegzg$Exb6BaJe79DKipdIklJMTPHZcay1xA7e+TTwYOHdoGs=",
            "last_login": null,
            "is_superuser": false,
            "username": "James_Ramirez_962",
            "first_name": "James",
            "last_name": "Ramirez",
            "email": "zcunningham@example.com",
            "is_staff": false,
            "is_active": true,
            "date_joined": "2023-09-07T08:52:09.903Z",
            "groups": [],
            "user_permissions": []
        }
    },
    {
        "model": "users.user",
        "pk": 16,
        "fields": {
            "password": "pbkdf2_sha256$600000$iP8Uc4dNzQkKvpsBKRegzg$Exb6BaJe79DKipdIklJMTPHZcay1xA7e+TTwYOHdoGs=",
            "last_login": null,
            "is_superuser": false,
            "username": "Cynthia_Johnson_857",
            "first_name": "Cynthia",
            "last_name": "Johnson",
            "email": "smithtracy@example.com",
            "is_staff": false,
            "is_active": true,
            "date_joined": "2023-09-07T08:52:09.954Z",
            "groups": [],
            "user_permissions": []
        }
    },
    {
        "model": "users.user",
        "pk": 17,
        "fields": {
            "password": "pbkdf2_sha256$600000$iP8Uc4dNzQkKvpsBKRegzg$Exb6BaJe79DKipdIklJMTPHZcay1xA7e+TTwYOHdoGs=",
            "last_login": null,
            "is_superuser": false,
            "username": "Christopher_Mckenzie_447",
            "first_name": "Christopher",
            "last_name": "Mckenzie",
            "email": "wturner@example.com",
            "is_staff": false,
            "is_active": true,
            "date_joined": "2023-09-07T08:59:29.117Z",
            "groups": [],
            "user_permissions": []
        }
    },
    {
        "model": "users.user",
        "pk": 18,
        "fields": {
            "password": "pbkdf2_sha256$600000$iP8Uc4dNzQkKvpsBKRegzg$Exb6BaJe79DKipdIklJMTPHZcay1xA7e+TTwYOHdoGs=",
            "last_login": null,
            "is_superuser": false,
            "username": "Amanda_Ingram_241",
            "first_name": "Amanda",
            "last_name": "Ingram",
            "email": "sbishop@example.org",
            "is_staff": false,
            "is_active": true,
            "date_joined": "2023-09-07T09:00:15.603Z",
            "groups": [],
            "user_permissions": []
        }
    },
    {
        "model": "forum.forum",
        "pk": 1,
        "fields": {
            "created": "2023-09-07T08:48:44.235Z",
            "updated": "2023-09-07T09:00:15.665Z",
            "parent": null,
            "name": "Espace d'échanges",
            "slug": "espace-déchanges",
            "description": "",
            "image": "",
            "link": null,
            "link_redirects": false,
            "type": 0,
            "direct_posts_count": 16,
            "direct_topics_count": 14,
            "link_redirects_count": 0,
            "last_post": 19,
            "last_post_on": "2023-09-07T09:00:15.628Z",
            "display_sub_forum_list": true,
            "members_group": null,
            "invitation_token": "bbf68897-24fd-4e11-bca7-f6bda2348297",
            "kind": "PUBLIC_FORUM",
            "short_description": null,
            "_description_rendered": "<p></p>",
            "lft": 1,
            "rght": 2,
            "tree_id": 1,
            "level": 0
        }
    },
    {
        "model": "forum.forum",
        "pk": 2,
        "fields": {
            "created": "2023-09-07T08:48:59.441Z",
            "updated": "2023-09-07T08:52:09.983Z",
            "parent": null,
            "name": "Actualités",
            "slug": "actualités",
            "description": "",
            "image": "",
            "link": null,
            "link_redirects": false,
            "type": 0,
            "direct_posts_count": 3,
            "direct_topics_count": 3,
            "link_redirects_count": 0,
            "last_post": 15,
            "last_post_on": "2023-09-07T08:52:09.959Z",
            "display_sub_forum_list": true,
            "members_group": null,
            "invitation_token": "27630fcb-7bb0-491d-992e-30193af73dec",
            "kind": "NEWS",
            "short_description": null,
            "_description_rendered": "<p></p>",
            "lft": 1,
            "rght": 2,
            "tree_id": 2,
            "level": 0
        }
    },
    {
        "model": "forum.forum",
        "pk": 4,
        "fields": {
            "created": "2023-09-07T09:03:31.902Z",
            "updated": "2023-09-07T09:04:03.929Z",
            "parent": null,
            "name": "Handicap",
            "slug": "handicap",
            "description": "Stock color media must body space so store soon civil indeed again final along camera force open increase alone cut alone painting party trouble never resource guess head action red place billion during series begin near specific hotel night type already close crime employee movie condition direction include identify this eight party each throw near institution hope perhaps throughout community region oil both nothing agree across apply process statement both down theory admit space nothing about mouth time story although contain example act across threat front them remain radio respond share paper even father color care property hundred present four opportunity second relationship off participant music wonder foot game light couple dark relate new animal identify probably window early television final different foot book science fast friend detail see this attorney.",
            "image": "",
            "link": "http://chavez.com/categories/explore/homepage/",
            "link_redirects": false,
            "type": 1,
            "direct_posts_count": 0,
            "direct_topics_count": 0,
            "link_redirects_count": 0,
            "last_post": null,
            "last_post_on": null,
            "display_sub_forum_list": true,
            "members_group": 1,
            "invitation_token": "aec1fb6e-3358-41d4-b8b8-dd94fec0df33",
            "kind": "PUBLIC_FORUM",
            "short_description": "Than big capital issue investment thus skin generation there laugh.",
            "_description_rendered": "<p>Stock color media must body space so store soon civil indeed again final along camera force open increase alone cut alone painting party trouble never resource guess head action red place billion during series begin near specific hotel night type already close crime employee movie condition direction include identify this eight party each throw near institution hope perhaps throughout community region oil both nothing agree across apply process statement both down theory admit space nothing about mouth time story although contain example act across threat front them remain radio respond share paper even father color care property hundred present four opportunity second relationship off participant music wonder foot game light couple dark relate new animal identify probably window early television final different foot book science fast friend detail see this attorney.</p>",
            "lft": 1,
            "rght": 10,
            "tree_id": 4,
            "level": 0
        }
    },
    {
        "model": "forum.forum",
        "pk": 5,
        "fields": {
            "created": "2023-09-07T09:03:31.914Z",
            "updated": "2023-09-07T09:03:31.929Z",
            "parent": 4,
            "name": "Norma Mahoney",
            "slug": "norma-mahoney",
            "description": "While care and both issue foreign tree sport suffer ten well reason power name institution paper owner last mouth professional movie everybody appear old movie daughter indicate whom idea high this factor really difference mind tough marriage current ready no mother item weight example eye involve who soldier meet friend fund for difficult adult sister happy along include a paper poor ten week parent than woman figure image election trial contain doctor defense two start above which instead here other from success different sister explain about recognize mission want apply operation who hope what local fine under start nearly board peace vote strategy or factor though wall section tend yes data whether media both simple full sound south dark material husband energy girl bed thing computer war individual condition catch ok deal decision trial she determine.",
            "image": "",
            "link": "http://chavez.com/categories/explore/homepage/",
            "link_redirects": false,
            "type": 0,
            "direct_posts_count": 0,
            "direct_topics_count": 0,
            "link_redirects_count": 0,
            "last_post": null,
            "last_post_on": null,
            "display_sub_forum_list": true,
            "members_group": 2,
            "invitation_token": "41ccf188-302e-445a-b800-4b2986c77715",
            "kind": "PUBLIC_FORUM",
            "short_description": "Six other field democratic prove face.",
            "_description_rendered": "<p>While care and both issue foreign tree sport suffer ten well reason power name institution paper owner last mouth professional movie everybody appear old movie daughter indicate whom idea high this factor really difference mind tough marriage current ready no mother item weight example eye involve who soldier meet friend fund for difficult adult sister happy along include a paper poor ten week parent than woman figure image election trial contain doctor defense two start above which instead here other from success different sister explain about recognize mission want apply operation who hope what local fine under start nearly board peace vote strategy or factor though wall section tend yes data whether media both simple full sound south dark material husband energy girl bed thing computer war individual condition catch ok deal decision trial she determine.</p>",
            "lft": 2,
            "rght": 3,
            "tree_id": 4,
            "level": 1
        }
    },
    {
        "model": "forum.forum",
        "pk": 6,
        "fields": {
            "created": "2023-09-07T09:04:44.796Z",
            "updated": "2023-09-07T09:04:44.803Z",
            "parent": 4,
            "name": "Evan Quinn",
            "slug": "evan-quinn",
            "description": "Cultural peace professor have coach at week total third wear enter whole but effort manager few white born particular his doctor somebody read body car other even care rather lay us tree society activity because seat through mean in cost box reason without same result involve laugh conference man practice star idea per teach air field these gun every marriage whom end share.",
            "image": "",
            "link": "http://chavez.com/categories/explore/homepage/",
            "link_redirects": false,
            "type": 0,
            "direct_posts_count": 0,
            "direct_topics_count": 0,
            "link_redirects_count": 0,
            "last_post": null,
            "last_post_on": null,
            "display_sub_forum_list": true,
            "members_group": 3,
            "invitation_token": "43086617-2196-4707-af4f-178c2f2bb637",
            "kind": "PUBLIC_FORUM",
            "short_description": "Economy table look year agent author class article model Congress.",
            "_description_rendered": "<p>Cultural peace professor have coach at week total third wear enter whole but effort manager few white born particular his doctor somebody read body car other even care rather lay us tree society activity because seat through mean in cost box reason without same result involve laugh conference man practice star idea per teach air field these gun every marriage whom end share.</p>",
            "lft": 4,
            "rght": 5,
            "tree_id": 4,
            "level": 1
        }
    },
    {
        "model": "forum.forum",
        "pk": 7,
        "fields": {
            "created": "2023-09-07T09:04:44.814Z",
            "updated": "2023-09-07T09:04:44.817Z",
            "parent": 4,
            "name": "Michelle Barrett",
            "slug": "michelle-barrett",
            "description": "Where wonder central still fine instead court enough fear then test kind rule ten training start reflect themselves theory accept thank carry the from boy vote decide style during grow give professional summer less produce area treatment clear back tell behind edge young possible good hope study card chance explain election health play seven cover pay institution every hear employee service college someone those station leg challenge kitchen mouth allow continue why number play particular long ground them seem movie wind industry alone her house artist camera become as possible again exist star stop the also theory issue pressure clear accept those feeling level.",
            "image": "",
            "link": "http://chavez.com/categories/explore/homepage/",
            "link_redirects": false,
            "type": 0,
            "direct_posts_count": 0,
            "direct_topics_count": 0,
            "link_redirects_count": 0,
            "last_post": null,
            "last_post_on": null,
            "display_sub_forum_list": true,
            "members_group": 4,
            "invitation_token": "0fdbfaca-761d-49dc-bb44-4fff82410b0f",
            "kind": "PUBLIC_FORUM",
            "short_description": "Tell worker good choice imagine form kitchen choose third throw along seven always.",
            "_description_rendered": "<p>Where wonder central still fine instead court enough fear then test kind rule ten training start reflect themselves theory accept thank carry the from boy vote decide style during grow give professional summer less produce area treatment clear back tell behind edge young possible good hope study card chance explain election health play seven cover pay institution every hear employee service college someone those station leg challenge kitchen mouth allow continue why number play particular long ground them seem movie wind industry alone her house artist camera become as possible again exist star stop the also theory issue pressure clear accept those feeling level.</p>",
            "lft": 6,
            "rght": 7,
            "tree_id": 4,
            "level": 1
        }
    },
    {
        "model": "forum.forum",
        "pk": 8,
        "fields": {
            "created": "2023-09-07T09:04:44.828Z",
            "updated": "2023-09-07T09:04:44.832Z",
            "parent": 4,
            "name": "Elizabeth Roberts",
            "slug": "elizabeth-roberts",
            "description": "Finally government movement art about sea gun subject minute prove change brother few beyond help one street way administration serve easy west hotel large kid or I house play crime point rich season fact let lawyer camera can present could product compare or thing structure investment without who although worry sure including shake room reflect realize somebody treatment level control international education treat young pull prove month seven kind day field well cause bed green paper region.",
            "image": "",
            "link": "http://chavez.com/categories/explore/homepage/",
            "link_redirects": false,
            "type": 0,
            "direct_posts_count": 0,
            "direct_topics_count": 0,
            "link_redirects_count": 0,
            "last_post": null,
            "last_post_on": null,
            "display_sub_forum_list": true,
            "members_group": 5,
            "invitation_token": "a408d0b5-31fd-4069-88e8-ef499c4be780",
            "kind": "PUBLIC_FORUM",
            "short_description": "Option gun soon everyone any management green end help knowledge.",
            "_description_rendered": "<p>Finally government movement art about sea gun subject minute prove change brother few beyond help one street way administration serve easy west hotel large kid or I house play crime point rich season fact let lawyer camera can present could product compare or thing structure investment without who although worry sure including shake room reflect realize somebody treatment level control international education treat young pull prove month seven kind day field well cause bed green paper region.</p>",
            "lft": 8,
            "rght": 9,
            "tree_id": 4,
            "level": 1
        }
    },
    {
        "model": "forum.forum",
        "pk": 9,
        "fields": {
            "created": "2023-09-07T09:19:29.779Z",
            "updated": "2023-09-07T09:19:50.052Z",
            "parent": null,
            "name": "Formation",
            "slug": "formation",
            "description": "None rise right only pretty specific trip describe hundred join represent political hospital probably kind language answer agent tend various power thousand site example medical within find minute possible themselves force enter college student government however open coach these positive real goal itself make once respond probably wind begin since rich technology scene board gas after its guess soon through might choice why hit anyone laugh begin middle realize others reach either in through set social sure look game that involve prevent decide cover safe member person thousand so same where admit on determine.",
            "image": "",
            "link": "http://chavez.com/categories/explore/homepage/",
            "link_redirects": false,
            "type": 1,
            "direct_posts_count": 0,
            "direct_topics_count": 0,
            "link_redirects_count": 0,
            "last_post": null,
            "last_post_on": null,
            "display_sub_forum_list": true,
            "members_group": 6,
            "invitation_token": "f9d7b602-b0e7-43c2-a71b-c3799ed97cdd",
            "kind": "PUBLIC_FORUM",
            "short_description": "Billion nation purpose evening pick American.",
            "_description_rendered": "<p>None rise right only pretty specific trip describe hundred join represent political hospital probably kind language answer agent tend various power thousand site example medical within find minute possible themselves force enter college student government however open coach these positive real goal itself make once respond probably wind begin since rich technology scene board gas after its guess soon through might choice why hit anyone laugh begin middle realize others reach either in through set social sure look game that involve prevent decide cover safe member person thousand so same where admit on determine.</p>",
            "lft": 1,
            "rght": 20,
            "tree_id": 5,
            "level": 0
        }
    },
    {
        "model": "forum.forum",
        "pk": 10,
        "fields": {
            "created": "2023-09-07T09:19:29.791Z",
            "updated": "2023-09-07T09:19:29.806Z",
            "parent": 9,
            "name": "Vanessa Nunez",
            "slug": "vanessa-nunez",
            "description": "Glass we way herself approach bring ball modern pretty senior strategy lay left her technology possible large fire also prevent store or every how eat budget bank memory politics accept either draw sister indicate chair effort hold own local once campaign seat fund recent success hand money economy account drug since this into address federal network enough wall budget through blood little popular him week itself their describe soon carry style reason trouble nothing should affect tree week tax ready it exist have religious allow myself sound clearly yard employee explain range commercial series fine community agent whom possible drive success major along present page star kid computer network style whose opportunity success finally but thought or detail north serious other recent speak skin dream somebody billion.",
            "image": "",
            "link": "http://chavez.com/categories/explore/homepage/",
            "link_redirects": false,
            "type": 0,
            "direct_posts_count": 0,
            "direct_topics_count": 0,
            "link_redirects_count": 0,
            "last_post": null,
            "last_post_on": null,
            "display_sub_forum_list": true,
            "members_group": 7,
            "invitation_token": "20584639-6fc3-4aff-9782-5b771444e9eb",
            "kind": "PUBLIC_FORUM",
            "short_description": "Star as several product line city tonight.",
            "_description_rendered": "<p>Glass we way herself approach bring ball modern pretty senior strategy lay left her technology possible large fire also prevent store or every how eat budget bank memory politics accept either draw sister indicate chair effort hold own local once campaign seat fund recent success hand money economy account drug since this into address federal network enough wall budget through blood little popular him week itself their describe soon carry style reason trouble nothing should affect tree week tax ready it exist have religious allow myself sound clearly yard employee explain range commercial series fine community agent whom possible drive success major along present page star kid computer network style whose opportunity success finally but thought or detail north serious other recent speak skin dream somebody billion.</p>",
            "lft": 2,
            "rght": 3,
            "tree_id": 5,
            "level": 1
        }
    },
    {
        "model": "forum.forum",
        "pk": 11,
        "fields": {
            "created": "2023-09-07T09:20:29.595Z",
            "updated": "2023-09-07T09:20:29.602Z",
            "parent": 9,
            "name": "Crystal Patterson",
            "slug": "crystal-patterson",
            "description": "Involve lose American fight husband born grow road gas order agency sit leader picture production board sit character back have plant daughter idea special animal sometimes later Republican later pick begin range see side drug simply beyond reason our professor into end establish unit since more per some current others wrong suffer plant great new can cover interest board task event west center show red.",
            "image": "",
            "link": "http://chavez.com/categories/explore/homepage/",
            "link_redirects": false,
            "type": 0,
            "direct_posts_count": 0,
            "direct_topics_count": 0,
            "link_redirects_count": 0,
            "last_post": null,
            "last_post_on": null,
            "display_sub_forum_list": true,
            "members_group": 8,
            "invitation_token": "2c46b64b-3933-4235-94b9-13ba4c0816eb",
            "kind": "PUBLIC_FORUM",
            "short_description": "Executive pretty day station series structure six your paper be difficult look.",
            "_description_rendered": "<p>Involve lose American fight husband born grow road gas order agency sit leader picture production board sit character back have plant daughter idea special animal sometimes later Republican later pick begin range see side drug simply beyond reason our professor into end establish unit since more per some current others wrong suffer plant great new can cover interest board task event west center show red.</p>",
            "lft": 4,
            "rght": 5,
            "tree_id": 5,
            "level": 1
        }
    },
    {
        "model": "forum.forum",
        "pk": 12,
        "fields": {
            "created": "2023-09-07T09:20:29.618Z",
            "updated": "2023-09-07T09:20:29.624Z",
            "parent": 9,
            "name": "Mary Williams",
            "slug": "mary-williams",
            "description": "Take policy turn or action short including need issue question smile laugh close music really its fall cup after reason role floor check should artist street community pressure response large try speech affect life ask there age indeed culture may power car firm in participant arrive special lawyer up any investment decision work blood employee teacher power look animal hard skin choice them car head security employee along imagine effect floor hope nation participant clear local hand like beyond stay weight top want single interview way second last hard better make however enter throughout cost project move cold sit dog control spend technology really amount play personal many sense method require yet drug easy head manager act other always Democrat next.",
            "image": "",
            "link": "http://chavez.com/categories/explore/homepage/",
            "link_redirects": false,
            "type": 0,
            "direct_posts_count": 0,
            "direct_topics_count": 0,
            "link_redirects_count": 0,
            "last_post": null,
            "last_post_on": null,
            "display_sub_forum_list": true,
            "members_group": 9,
            "invitation_token": "533768b3-f0be-4f7a-9e53-a7087af69cb9",
            "kind": "PUBLIC_FORUM",
            "short_description": "Total about name himself economy want.",
            "_description_rendered": "<p>Take policy turn or action short including need issue question smile laugh close music really its fall cup after reason role floor check should artist street community pressure response large try speech affect life ask there age indeed culture may power car firm in participant arrive special lawyer up any investment decision work blood employee teacher power look animal hard skin choice them car head security employee along imagine effect floor hope nation participant clear local hand like beyond stay weight top want single interview way second last hard better make however enter throughout cost project move cold sit dog control spend technology really amount play personal many sense method require yet drug easy head manager act other always Democrat next.</p>",
            "lft": 6,
            "rght": 7,
            "tree_id": 5,
            "level": 1
        }
    },
    {
        "model": "forum.forum",
        "pk": 13,
        "fields": {
            "created": "2023-09-07T09:20:29.638Z",
            "updated": "2023-09-07T09:20:29.645Z",
            "parent": 9,
            "name": "Jenna Snyder",
            "slug": "jenna-snyder",
            "description": "Color talk read along Republican drive shoulder tough car thought black focus voice affect market major provide feeling join black throw memory everybody yard mission least dog up wind garden game mean brother yet station face eat eight because sit during it state decision thought rise man identify ahead serious five last reflect peace something true for two upon be we ok hand series too policy myself movie pull land strategy very best past family drop ever man ok since ago major almost onto house cause movie door.",
            "image": "",
            "link": "http://chavez.com/categories/explore/homepage/",
            "link_redirects": false,
            "type": 0,
            "direct_posts_count": 0,
            "direct_topics_count": 0,
            "link_redirects_count": 0,
            "last_post": null,
            "last_post_on": null,
            "display_sub_forum_list": true,
            "members_group": 10,
            "invitation_token": "0de8099e-9e7b-4492-8cc3-559f9f80b501",
            "kind": "PUBLIC_FORUM",
            "short_description": "Good eye message accept business before give.",
            "_description_rendered": "<p>Color talk read along Republican drive shoulder tough car thought black focus voice affect market major provide feeling join black throw memory everybody yard mission least dog up wind garden game mean brother yet station face eat eight because sit during it state decision thought rise man identify ahead serious five last reflect peace something true for two upon be we ok hand series too policy myself movie pull land strategy very best past family drop ever man ok since ago major almost onto house cause movie door.</p>",
            "lft": 8,
            "rght": 9,
            "tree_id": 5,
            "level": 1
        }
    },
    {
        "model": "forum.forum",
        "pk": 14,
        "fields": {
            "created": "2023-09-07T09:20:29.656Z",
            "updated": "2023-09-07T09:20:29.661Z",
            "parent": 9,
            "name": "Sean Kelley",
            "slug": "sean-kelley",
            "description": "Resource history will off nearly important expect both four measure part economic charge off anything watch research east economic debate far paper apply act service how great happy song none whom wish officer still part these remember ready more power behind whom medical yeah left good term force debate old turn sort effort popular message buy analysis response hold design trial body beautiful style seek move build name even expect culture performance near soon.",
            "image": "",
            "link": "http://chavez.com/categories/explore/homepage/",
            "link_redirects": false,
            "type": 0,
            "direct_posts_count": 0,
            "direct_topics_count": 0,
            "link_redirects_count": 0,
            "last_post": null,
            "last_post_on": null,
            "display_sub_forum_list": true,
            "members_group": 11,
            "invitation_token": "1ce15583-7d44-42d8-abe6-d697e4bfdc44",
            "kind": "PUBLIC_FORUM",
            "short_description": "Opportunity accept these environmental stand billion wall finally something clear stand you.",
            "_description_rendered": "<p>Resource history will off nearly important expect both four measure part economic charge off anything watch research east economic debate far paper apply act service how great happy song none whom wish officer still part these remember ready more power behind whom medical yeah left good term force debate old turn sort effort popular message buy analysis response hold design trial body beautiful style seek move build name even expect culture performance near soon.</p>",
            "lft": 10,
            "rght": 11,
            "tree_id": 5,
            "level": 1
        }
    },
    {
        "model": "forum.forum",
        "pk": 15,
        "fields": {
            "created": "2023-09-07T09:20:29.672Z",
            "updated": "2023-09-07T09:20:29.678Z",
            "parent": 9,
            "name": "Ashley Caldwell",
            "slug": "ashley-caldwell",
            "description": "Particularly garden suggest sort entire key pay ask fly organization movement leave sell left season place modern Democrat inside company participant like experience everybody result until animal north choice draw military same support trouble information score dark black market somebody concern six reveal back strong break budget our floor consumer stage piece whole far unit if paper teach responsibility see peace end I whatever well agree stuff democratic maintain miss international exist lose thing bed personal offer team listen whose whether child seem.",
            "image": "",
            "link": "http://chavez.com/categories/explore/homepage/",
            "link_redirects": false,
            "type": 0,
            "direct_posts_count": 0,
            "direct_topics_count": 0,
            "link_redirects_count": 0,
            "last_post": null,
            "last_post_on": null,
            "display_sub_forum_list": true,
            "members_group": 12,
            "invitation_token": "12492391-bf65-4e4a-a4e5-1cf5741ed685",
            "kind": "PUBLIC_FORUM",
            "short_description": "Today increase no information generation young particular upon.",
            "_description_rendered": "<p>Particularly garden suggest sort entire key pay ask fly organization movement leave sell left season place modern Democrat inside company participant like experience everybody result until animal north choice draw military same support trouble information score dark black market somebody concern six reveal back strong break budget our floor consumer stage piece whole far unit if paper teach responsibility see peace end I whatever well agree stuff democratic maintain miss international exist lose thing bed personal offer team listen whose whether child seem.</p>",
            "lft": 12,
            "rght": 13,
            "tree_id": 5,
            "level": 1
        }
    },
    {
        "model": "forum.forum",
        "pk": 16,
        "fields": {
            "created": "2023-09-07T09:20:29.692Z",
            "updated": "2023-09-07T09:20:29.703Z",
            "parent": 9,
            "name": "Jerry Wolf",
            "slug": "jerry-wolf",
            "description": "Visit fast culture before book again party certainly even research cold mother push which room everyone minute beat order simple mouth him perhaps seek town official collection hospital industry maintain without east pull animal culture force stuff candidate hospital all size third customer rate Republican find occur raise another different reduce thought clearly pattern fish conference toward service plant ever it discover huge value identify believe least resource entire newspaper form although without thank available deal themselves early heavy.",
            "image": "",
            "link": "http://chavez.com/categories/explore/homepage/",
            "link_redirects": false,
            "type": 0,
            "direct_posts_count": 0,
            "direct_topics_count": 0,
            "link_redirects_count": 0,
            "last_post": null,
            "last_post_on": null,
            "display_sub_forum_list": true,
            "members_group": 13,
            "invitation_token": "77f402c1-40a2-4e82-b45a-0cd4fe632ee0",
            "kind": "PUBLIC_FORUM",
            "short_description": "Very in mind middle situation firm main attention man.",
            "_description_rendered": "<p>Visit fast culture before book again party certainly even research cold mother push which room everyone minute beat order simple mouth him perhaps seek town official collection hospital industry maintain without east pull animal culture force stuff candidate hospital all size third customer rate Republican find occur raise another different reduce thought clearly pattern fish conference toward service plant ever it discover huge value identify believe least resource entire newspaper form although without thank available deal themselves early heavy.</p>",
            "lft": 14,
            "rght": 15,
            "tree_id": 5,
            "level": 1
        }
    },
    {
        "model": "forum.forum",
        "pk": 17,
        "fields": {
            "created": "2023-09-07T09:20:29.726Z",
            "updated": "2023-09-07T09:20:29.731Z",
            "parent": 9,
            "name": "Emily Rodriguez",
            "slug": "emily-rodriguez",
            "description": "Black finally magazine course one watch last language clear none like official professional full spend account know cup such environment and movie more bill usually yet majority air probably recent activity imagine work without protect including perhaps draw age else throw growth outside still fine top instead never fall our guess service simply issue any above season discover us south recognize place loss early often there Congress free face realize simply network town man dog we nature husband interview rock will including trial eight daughter ok national offer while mean clearly traditional here bad use score American every from audience dinner we whose reflect always blue Democrat six effort small agree provide collection marriage.",
            "image": "",
            "link": "http://chavez.com/categories/explore/homepage/",
            "link_redirects": false,
            "type": 0,
            "direct_posts_count": 0,
            "direct_topics_count": 0,
            "link_redirects_count": 0,
            "last_post": null,
            "last_post_on": null,
            "display_sub_forum_list": true,
            "members_group": 14,
            "invitation_token": "ba007352-1c7a-495d-87a2-64dfb2b13393",
            "kind": "PUBLIC_FORUM",
            "short_description": "Quickly cup play agent focus send guess individual power list.",
            "_description_rendered": "<p>Black finally magazine course one watch last language clear none like official professional full spend account know cup such environment and movie more bill usually yet majority air probably recent activity imagine work without protect including perhaps draw age else throw growth outside still fine top instead never fall our guess service simply issue any above season discover us south recognize place loss early often there Congress free face realize simply network town man dog we nature husband interview rock will including trial eight daughter ok national offer while mean clearly traditional here bad use score American every from audience dinner we whose reflect always blue Democrat six effort small agree provide collection marriage.</p>",
            "lft": 16,
            "rght": 17,
            "tree_id": 5,
            "level": 1
        }
    },
    {
        "model": "forum.forum",
        "pk": 18,
        "fields": {
            "created": "2023-09-07T09:20:29.741Z",
            "updated": "2023-09-07T09:20:29.745Z",
            "parent": 9,
            "name": "Lisa Turner",
            "slug": "lisa-turner",
            "description": "Program history hear recognize according hit cause easy recently do example stand toward every change moment onto capital anything Republican smile hotel deep successful chair news exactly woman thought cause close smile strong design discussion baby necessary article animal tough affect eight century seat either usually community work imagine meeting blue hospital few line best machine measure drive his back national hour medical than herself arrive everybody population sell play ready suddenly enter fine begin onto which different cost white blue total early president stuff sell seek hope total compare region result experience factor dinner enough man officer seek beautiful audience give day.",
            "image": "",
            "link": "http://chavez.com/categories/explore/homepage/",
            "link_redirects": false,
            "type": 0,
            "direct_posts_count": 0,
            "direct_topics_count": 0,
            "link_redirects_count": 0,
            "last_post": null,
            "last_post_on": null,
            "display_sub_forum_list": true,
            "members_group": 15,
            "invitation_token": "c8d555ed-ebfd-4355-8006-98e903123fb1",
            "kind": "PUBLIC_FORUM",
            "short_description": "Allow item pretty wife shoulder control first cell hotel second sometimes.",
            "_description_rendered": "<p>Program history hear recognize according hit cause easy recently do example stand toward every change moment onto capital anything Republican smile hotel deep successful chair news exactly woman thought cause close smile strong design discussion baby necessary article animal tough affect eight century seat either usually community work imagine meeting blue hospital few line best machine measure drive his back national hour medical than herself arrive everybody population sell play ready suddenly enter fine begin onto which different cost white blue total early president stuff sell seek hope total compare region result experience factor dinner enough man officer seek beautiful audience give day.</p>",
            "lft": 18,
            "rght": 19,
            "tree_id": 5,
            "level": 1
        }
    },
    {
        "model": "forum_conversation.topic",
        "pk": 1,
        "fields": {
            "forum": 1,
            "poster": 2,
            "subject": "Test other leave.",
            "slug": "test-other-leave",
            "type": 0,
            "status": 0,
            "approved": true,
            "posts_count": 1,
            "views_count": 0,
            "last_post_on": "2023-09-07T08:51:07.585Z",
            "first_post": 1,
            "last_post": 1,
            "created": "2023-09-07T08:51:07.555Z",
            "updated": "2023-09-07T08:51:07.642Z",
            "subscribers": [],
            "likers": []
        }
    },
    {
        "model": "forum_conversation.topic",
        "pk": 2,
        "fields": {
            "forum": 1,
            "poster": 3,
            "subject": "Follow know when key.",
            "slug": "follow-know-when-key",
            "type": 0,
            "status": 0,
            "approved": true,
            "posts_count": 1,
            "views_count": 0,
            "last_post_on": "2023-09-07T08:51:07.655Z",
            "first_post": 2,
            "last_post": 2,
            "created": "2023-09-07T08:51:07.648Z",
            "updated": "2023-09-07T08:51:07.692Z",
            "subscribers": [],
            "likers": []
        }
    },
    {
        "model": "forum_conversation.topic",
        "pk": 3,
        "fields": {
            "forum": 1,
            "poster": 4,
            "subject": "Story health team future.",
            "slug": "story-health-team-future",
            "type": 0,
            "status": 0,
            "approved": true,
            "posts_count": 1,
            "views_count": 0,
            "last_post_on": "2023-09-07T08:51:07.705Z",
            "first_post": 3,
            "last_post": 3,
            "created": "2023-09-07T08:51:07.697Z",
            "updated": "2023-09-07T08:51:07.737Z",
            "subscribers": [],
            "likers": []
        }
    },
    {
        "model": "forum_conversation.topic",
        "pk": 4,
        "fields": {
            "forum": 1,
            "poster": 5,
            "subject": "Share son performance evening rise raise result.",
            "slug": "share-son-performance-evening-rise-raise-result",
            "type": 0,
            "status": 0,
            "approved": true,
            "posts_count": 1,
            "views_count": 0,
            "last_post_on": "2023-09-07T08:51:07.750Z",
            "first_post": 4,
            "last_post": 4,
            "created": "2023-09-07T08:51:07.742Z",
            "updated": "2023-09-07T08:51:07.782Z",
            "subscribers": [],
            "likers": []
        }
    },
    {
        "model": "forum_conversation.topic",
        "pk": 5,
        "fields": {
            "forum": 1,
            "poster": 6,
            "subject": "Story prove between film cost issue.",
            "slug": "story-prove-between-film-cost-issue",
            "type": 0,
            "status": 0,
            "approved": true,
            "posts_count": 1,
            "views_count": 0,
            "last_post_on": "2023-09-07T08:51:07.795Z",
            "first_post": 5,
            "last_post": 5,
            "created": "2023-09-07T08:51:07.788Z",
            "updated": "2023-09-07T08:51:07.826Z",
            "subscribers": [],
            "likers": []
        }
    },
    {
        "model": "forum_conversation.topic",
        "pk": 6,
        "fields": {
            "forum": 1,
            "poster": 7,
            "subject": "American boy move note paper myself.",
            "slug": "american-boy-move-note-paper-myself",
            "type": 0,
            "status": 0,
            "approved": true,
            "posts_count": 1,
            "views_count": 0,
            "last_post_on": "2023-09-07T08:51:07.840Z",
            "first_post": 6,
            "last_post": 6,
            "created": "2023-09-07T08:51:07.831Z",
            "updated": "2023-09-07T08:51:07.871Z",
            "subscribers": [],
            "likers": []
        }
    },
    {
        "model": "forum_conversation.topic",
        "pk": 7,
        "fields": {
            "forum": 1,
            "poster": 8,
            "subject": "Wear old instead player.",
            "slug": "wear-old-instead-player",
            "type": 0,
            "status": 0,
            "approved": true,
            "posts_count": 1,
            "views_count": 0,
            "last_post_on": "2023-09-07T08:51:07.883Z",
            "first_post": 7,
            "last_post": 7,
            "created": "2023-09-07T08:51:07.876Z",
            "updated": "2023-09-07T08:51:07.915Z",
            "subscribers": [],
            "likers": []
        }
    },
    {
        "model": "forum_conversation.topic",
        "pk": 8,
        "fields": {
            "forum": 1,
            "poster": 9,
            "subject": "Join over image many.",
            "slug": "join-over-image-many",
            "type": 0,
            "status": 0,
            "approved": true,
            "posts_count": 1,
            "views_count": 0,
            "last_post_on": "2023-09-07T08:51:07.928Z",
            "first_post": 8,
            "last_post": 8,
            "created": "2023-09-07T08:51:07.921Z",
            "updated": "2023-09-07T08:51:07.959Z",
            "subscribers": [],
            "likers": []
        }
    },
    {
        "model": "forum_conversation.topic",
        "pk": 9,
        "fields": {
            "forum": 1,
            "poster": 10,
            "subject": "Over admit performance recognize special.",
            "slug": "over-admit-performance-recognize-special",
            "type": 0,
            "status": 0,
            "approved": true,
            "posts_count": 1,
            "views_count": 0,
            "last_post_on": "2023-09-07T08:51:07.972Z",
            "first_post": 9,
            "last_post": 9,
            "created": "2023-09-07T08:51:07.964Z",
            "updated": "2023-09-07T08:51:08.003Z",
            "subscribers": [],
            "likers": []
        }
    },
    {
        "model": "forum_conversation.topic",
        "pk": 10,
        "fields": {
            "forum": 1,
            "poster": 11,
            "subject": "Always mouth hard artist remember board.",
            "slug": "always-mouth-hard-artist-remember-board",
            "type": 0,
            "status": 0,
            "approved": true,
            "posts_count": 1,
            "views_count": 0,
            "last_post_on": "2023-09-07T08:51:08.015Z",
            "first_post": 10,
            "last_post": 10,
            "created": "2023-09-07T08:51:08.009Z",
            "updated": "2023-09-07T08:51:08.048Z",
            "subscribers": [],
            "likers": []
        }
    },
    {
        "model": "forum_conversation.topic",
        "pk": 11,
        "fields": {
            "forum": 1,
            "poster": 12,
            "subject": "Center laugh size cultural something figure must.",
            "slug": "center-laugh-size-cultural-something-figure-must",
            "type": 0,
            "status": 0,
            "approved": true,
            "posts_count": 1,
            "views_count": 0,
            "last_post_on": "2023-09-07T08:51:08.060Z",
            "first_post": 11,
            "last_post": 11,
            "created": "2023-09-07T08:51:08.054Z",
            "updated": "2023-09-07T08:51:08.113Z",
            "subscribers": [],
            "likers": []
        }
    },
    {
        "model": "forum_conversation.topic",
        "pk": 12,
        "fields": {
            "forum": 1,
            "poster": 13,
            "subject": "Price drug seven.",
            "slug": "price-drug-seven",
            "type": 0,
            "status": 0,
            "approved": true,
            "posts_count": 1,
            "views_count": 0,
            "last_post_on": "2023-09-07T08:51:08.126Z",
            "first_post": 12,
            "last_post": 12,
            "created": "2023-09-07T08:51:08.120Z",
            "updated": "2023-09-07T08:51:08.156Z",
            "subscribers": [],
            "likers": []
        }
    },
    {
        "model": "forum_conversation.topic",
        "pk": 13,
        "fields": {
            "forum": 2,
            "poster": 14,
            "subject": "Sure nature power.",
            "slug": "sure-nature-power",
            "type": 0,
            "status": 0,
            "approved": true,
            "posts_count": 1,
            "views_count": 0,
            "last_post_on": "2023-09-07T08:52:09.846Z",
            "first_post": 13,
            "last_post": 13,
            "created": "2023-09-07T08:52:09.841Z",
            "updated": "2023-09-07T08:52:09.895Z",
            "subscribers": [],
            "likers": []
        }
    },
    {
        "model": "forum_conversation.topic",
        "pk": 14,
        "fields": {
            "forum": 2,
            "poster": 15,
            "subject": "Animal expect available join field turn.",
            "slug": "animal-expect-available-join-field-turn",
            "type": 0,
            "status": 0,
            "approved": true,
            "posts_count": 1,
            "views_count": 0,
            "last_post_on": "2023-09-07T08:52:09.909Z",
            "first_post": 14,
            "last_post": 14,
            "created": "2023-09-07T08:52:09.906Z",
            "updated": "2023-09-07T08:52:09.947Z",
            "subscribers": [],
            "likers": []
        }
    },
    {
        "model": "forum_conversation.topic",
        "pk": 15,
        "fields": {
            "forum": 2,
            "poster": 16,
            "subject": "Evening evidence stop involve door.",
            "slug": "evening-evidence-stop-involve-door",
            "type": 0,
            "status": 0,
            "approved": true,
            "posts_count": 1,
            "views_count": 0,
            "last_post_on": "2023-09-07T08:52:09.959Z",
            "first_post": 15,
            "last_post": 15,
            "created": "2023-09-07T08:52:09.956Z",
            "updated": "2023-09-07T08:52:09.986Z",
            "subscribers": [],
            "likers": []
        }
    },
    {
        "model": "forum_conversation.topic",
        "pk": 16,
        "fields": {
            "forum": 1,
            "poster": 17,
            "subject": "Car each card.",
            "slug": "car-each-card",
            "type": 0,
            "status": 0,
            "approved": true,
            "posts_count": 3,
            "views_count": 0,
            "last_post_on": "2023-09-07T08:59:29.225Z",
            "first_post": 16,
            "last_post": 18,
            "created": "2023-09-07T08:59:29.124Z",
            "updated": "2023-09-07T08:59:29.258Z",
            "subscribers": [],
            "likers": [
                17
            ]
        }
    },
    {
        "model": "forum_conversation.topic",
        "pk": 17,
        "fields": {
            "forum": 1,
            "poster": 18,
            "subject": "Owner site can.",
            "slug": "owner-site-can",
            "type": 0,
            "status": 0,
            "approved": true,
            "posts_count": 1,
            "views_count": 0,
            "last_post_on": "2023-09-07T09:00:15.628Z",
            "first_post": 19,
            "last_post": 19,
            "created": "2023-09-07T09:00:15.611Z",
            "updated": "2023-09-07T09:00:15.669Z",
            "subscribers": [],
            "likers": [
                18
            ]
        }
    },
    {
        "model": "forum_conversation.post",
        "pk": 1,
        "fields": {
            "created": "2023-09-07T08:51:07.585Z",
            "updated": "2023-09-07T08:51:07.616Z",
            "topic": 1,
            "poster": 2,
            "anonymous_key": null,
            "subject": "Test other leave.",
            "content": "Current sort peace hot room exist claim agreement need read scientist message medical challenge increase present future continue apply whom even avoid cost fall standard international available region practice face or several book.",
            "approved": true,
            "enable_signature": true,
            "update_reason": null,
            "updated_by": null,
            "updates_count": 0,
            "username": null,
            "_content_rendered": "<p>Current sort peace hot room exist claim agreement need read scientist message medical challenge increase present future continue apply whom even avoid cost fall standard international available region practice face or several book.</p>"
        }
    },
    {
        "model": "forum_conversation.post",
        "pk": 2,
        "fields": {
            "created": "2023-09-07T08:51:07.655Z",
            "updated": "2023-09-07T08:51:07.672Z",
            "topic": 2,
            "poster": 3,
            "anonymous_key": null,
            "subject": "Follow know when key.",
            "content": "Service maintain war game take wrong director identify skin give heavy easy bag visit although money Mr those with face management now year radio for describe like growth begin resource able statement produce.",
            "approved": true,
            "enable_signature": true,
            "update_reason": null,
            "updated_by": null,
            "updates_count": 0,
            "username": null,
            "_content_rendered": "<p>Service maintain war game take wrong director identify skin give heavy easy bag visit although money Mr those with face management now year radio for describe like growth begin resource able statement produce.</p>"
        }
    },
    {
        "model": "forum_conversation.post",
        "pk": 3,
        "fields": {
            "created": "2023-09-07T08:51:07.705Z",
            "updated": "2023-09-07T08:51:07.720Z",
            "topic": 3,
            "poster": 4,
            "anonymous_key": null,
            "subject": "Story health team future.",
            "content": "Again tax sort system soldier teacher trip trial artist surface decision hold edge data role conference international standard guess inside poor international where system before edge try feel former put go usually pressure skill you threat bank reach beyond sport.",
            "approved": true,
            "enable_signature": true,
            "update_reason": null,
            "updated_by": null,
            "updates_count": 0,
            "username": null,
            "_content_rendered": "<p>Again tax sort system soldier teacher trip trial artist surface decision hold edge data role conference international standard guess inside poor international where system before edge try feel former put go usually pressure skill you threat bank reach beyond sport.</p>"
        }
    },
    {
        "model": "forum_conversation.post",
        "pk": 4,
        "fields": {
            "created": "2023-09-07T08:51:07.750Z",
            "updated": "2023-09-07T08:51:07.765Z",
            "topic": 4,
            "poster": 5,
            "anonymous_key": null,
            "subject": "Share son performance evening rise raise result.",
            "content": "Through even require avoid most standard out around dinner organization kid road race claim decision production record light campaign have eight peace join attorney resource level table whole assume treatment contain bill.",
            "approved": true,
            "enable_signature": true,
            "update_reason": null,
            "updated_by": null,
            "updates_count": 0,
            "username": null,
            "_content_rendered": "<p>Through even require avoid most standard out around dinner organization kid road race claim decision production record light campaign have eight peace join attorney resource level table whole assume treatment contain bill.</p>"
        }
    },
    {
        "model": "forum_conversation.post",
        "pk": 5,
        "fields": {
            "created": "2023-09-07T08:51:07.795Z",
            "updated": "2023-09-07T08:51:07.811Z",
            "topic": 5,
            "poster": 6,
            "anonymous_key": null,
            "subject": "Story prove between film cost issue.",
            "content": "Speak arm truth sound benefit wonder thank watch once section international good bag leader bad indeed within call truth south available little customer inside several account move three administration he court protect Republican run store real democratic far fund event smile recognize half law education fear despite should body act event.",
            "approved": true,
            "enable_signature": true,
            "update_reason": null,
            "updated_by": null,
            "updates_count": 0,
            "username": null,
            "_content_rendered": "<p>Speak arm truth sound benefit wonder thank watch once section international good bag leader bad indeed within call truth south available little customer inside several account move three administration he court protect Republican run store real democratic far fund event smile recognize half law education fear despite should body act event.</p>"
        }
    },
    {
        "model": "forum_conversation.post",
        "pk": 6,
        "fields": {
            "created": "2023-09-07T08:51:07.840Z",
            "updated": "2023-09-07T08:51:07.854Z",
            "topic": 6,
            "poster": 7,
            "anonymous_key": null,
            "subject": "American boy move note paper myself.",
            "content": "Enough like reveal thing lawyer letter itself place bag set good board include American sure road hour skin everybody road difference magazine yeah hit now first artist service.",
            "approved": true,
            "enable_signature": true,
            "update_reason": null,
            "updated_by": null,
            "updates_count": 0,
            "username": null,
            "_content_rendered": "<p>Enough like reveal thing lawyer letter itself place bag set good board include American sure road hour skin everybody road difference magazine yeah hit now first artist service.</p>"
        }
    },
    {
        "model": "forum_conversation.post",
        "pk": 7,
        "fields": {
            "created": "2023-09-07T08:51:07.883Z",
            "updated": "2023-09-07T08:51:07.898Z",
            "topic": 7,
            "poster": 8,
            "anonymous_key": null,
            "subject": "Wear old instead player.",
            "content": "Oil alone degree box system respond up stuff none fund spring activity listen say fight eat history compare bit south picture stage theory somebody second couple.",
            "approved": true,
            "enable_signature": true,
            "update_reason": null,
            "updated_by": null,
            "updates_count": 0,
            "username": null,
            "_content_rendered": "<p>Oil alone degree box system respond up stuff none fund spring activity listen say fight eat history compare bit south picture stage theory somebody second couple.</p>"
        }
    },
    {
        "model": "forum_conversation.post",
        "pk": 8,
        "fields": {
            "created": "2023-09-07T08:51:07.928Z",
            "updated": "2023-09-07T08:51:07.945Z",
            "topic": 8,
            "poster": 9,
            "anonymous_key": null,
            "subject": "Join over image many.",
            "content": "Call arrive sell season despite nearly teach month current they main present stock them most speak yet increase education over participant spend radio onto let walk opportunity discussion statement action easy.",
            "approved": true,
            "enable_signature": true,
            "update_reason": null,
            "updated_by": null,
            "updates_count": 0,
            "username": null,
            "_content_rendered": "<p>Call arrive sell season despite nearly teach month current they main present stock them most speak yet increase education over participant spend radio onto let walk opportunity discussion statement action easy.</p>"
        }
    },
    {
        "model": "forum_conversation.post",
        "pk": 9,
        "fields": {
            "created": "2023-09-07T08:51:07.972Z",
            "updated": "2023-09-07T08:51:07.988Z",
            "topic": 9,
            "poster": 10,
            "anonymous_key": null,
            "subject": "Over admit performance recognize special.",
            "content": "Room a want sense note degree artist fast situation century full hospital woman car quite growth data large recent firm market fear rule method never answer someone do dream give gun much that turn attention loss because ask prevent through maybe yourself eye poor mean red star.",
            "approved": true,
            "enable_signature": true,
            "update_reason": null,
            "updated_by": null,
            "updates_count": 0,
            "username": null,
            "_content_rendered": "<p>Room a want sense note degree artist fast situation century full hospital woman car quite growth data large recent firm market fear rule method never answer someone do dream give gun much that turn attention loss because ask prevent through maybe yourself eye poor mean red star.</p>"
        }
    },
    {
        "model": "forum_conversation.post",
        "pk": 10,
        "fields": {
            "created": "2023-09-07T08:51:08.015Z",
            "updated": "2023-09-07T08:51:08.029Z",
            "topic": 10,
            "poster": 11,
            "anonymous_key": null,
            "subject": "Always mouth hard artist remember board.",
            "content": "Whether someone water fund kind situation than white along per south contain increase work street item often shoulder whose from medical vote response either natural significant lay find or customer she Mr energy want practice positive future yeah financial where security piece natural perhaps.",
            "approved": true,
            "enable_signature": true,
            "update_reason": null,
            "updated_by": null,
            "updates_count": 0,
            "username": null,
            "_content_rendered": "<p>Whether someone water fund kind situation than white along per south contain increase work street item often shoulder whose from medical vote response either natural significant lay find or customer she Mr energy want practice positive future yeah financial where security piece natural perhaps.</p>"
        }
    },
    {
        "model": "forum_conversation.post",
        "pk": 11,
        "fields": {
            "created": "2023-09-07T08:51:08.060Z",
            "updated": "2023-09-07T08:51:08.079Z",
            "topic": 11,
            "poster": 12,
            "anonymous_key": null,
            "subject": "Center laugh size cultural something figure must.",
            "content": "Save go agreement prove fish pressure challenge stuff perform development billion leader money different while over especially especially citizen reach pick game experience boy worker he son today behind real pick trip key every almost drop true always out should less skin special and establish whose chance win economy want form free.",
            "approved": true,
            "enable_signature": true,
            "update_reason": null,
            "updated_by": null,
            "updates_count": 0,
            "username": null,
            "_content_rendered": "<p>Save go agreement prove fish pressure challenge stuff perform development billion leader money different while over especially especially citizen reach pick game experience boy worker he son today behind real pick trip key every almost drop true always out should less skin special and establish whose chance win economy want form free.</p>"
        }
    },
    {
        "model": "forum_conversation.post",
        "pk": 12,
        "fields": {
            "created": "2023-09-07T08:51:08.126Z",
            "updated": "2023-09-07T08:51:08.142Z",
            "topic": 12,
            "poster": 13,
            "anonymous_key": null,
            "subject": "Price drug seven.",
            "content": "Mission same question us when modern try tough establish example threat last peace everybody claim seem yard brother beautiful with big mouth computer every.",
            "approved": true,
            "enable_signature": true,
            "update_reason": null,
            "updated_by": null,
            "updates_count": 0,
            "username": null,
            "_content_rendered": "<p>Mission same question us when modern try tough establish example threat last peace everybody claim seem yard brother beautiful with big mouth computer every.</p>"
        }
    },
    {
        "model": "forum_conversation.post",
        "pk": 13,
        "fields": {
            "created": "2023-09-07T08:52:09.846Z",
            "updated": "2023-09-07T08:52:09.869Z",
            "topic": 13,
            "poster": 14,
            "anonymous_key": null,
            "subject": "Sure nature power.",
            "content": "Off project box form center begin car within purpose result agree five anyone nor no increase exist technology size free class capital pay opportunity remember road nor artist.",
            "approved": true,
            "enable_signature": true,
            "update_reason": null,
            "updated_by": null,
            "updates_count": 0,
            "username": null,
            "_content_rendered": "<p>Off project box form center begin car within purpose result agree five anyone nor no increase exist technology size free class capital pay opportunity remember road nor artist.</p>"
        }
    },
    {
        "model": "forum_conversation.post",
        "pk": 14,
        "fields": {
            "created": "2023-09-07T08:52:09.909Z",
            "updated": "2023-09-07T08:52:09.924Z",
            "topic": 14,
            "poster": 15,
            "anonymous_key": null,
            "subject": "Animal expect available join field turn.",
            "content": "Scientist notice yourself training fight listen effort over tough unit reduce six feeling kitchen table consumer thank activity hospital card morning individual item tough food example tough talk boy her road kind local.",
            "approved": true,
            "enable_signature": true,
            "update_reason": null,
            "updated_by": null,
            "updates_count": 0,
            "username": null,
            "_content_rendered": "<p>Scientist notice yourself training fight listen effort over tough unit reduce six feeling kitchen table consumer thank activity hospital card morning individual item tough food example tough talk boy her road kind local.</p>"
        }
    },
    {
        "model": "forum_conversation.post",
        "pk": 15,
        "fields": {
            "created": "2023-09-07T08:52:09.959Z",
            "updated": "2023-09-07T08:52:09.973Z",
            "topic": 15,
            "poster": 16,
            "anonymous_key": null,
            "subject": "Evening evidence stop involve door.",
            "content": "Term trial poor give act five prove without view store pass lead large food many because language leave himself bit front power business change actually sense per sit avoid can relationship growth member owner senior end down truth national agent.",
            "approved": true,
            "enable_signature": true,
            "update_reason": null,
            "updated_by": null,
            "updates_count": 0,
            "username": null,
            "_content_rendered": "<p>Term trial poor give act five prove without view store pass lead large food many because language leave himself bit front power business change actually sense per sit avoid can relationship growth member owner senior end down truth national agent.</p>"
        }
    },
    {
        "model": "forum_conversation.post",
        "pk": 16,
        "fields": {
            "created": "2023-09-07T08:59:29.134Z",
            "updated": "2023-09-07T08:59:29.155Z",
            "topic": 16,
            "poster": 17,
            "anonymous_key": null,
            "subject": "Car each card.",
            "content": "Example a else size throw can fear clearly total unit across business picture wish great single language see will suddenly my no on everything job six write some true win fill stock attorney wonder television image.",
            "approved": true,
            "enable_signature": true,
            "update_reason": null,
            "updated_by": null,
            "updates_count": 0,
            "username": null,
            "_content_rendered": "<p>Example a else size throw can fear clearly total unit across business picture wish great single language see will suddenly my no on everything job six write some true win fill stock attorney wonder television image.</p>"
        }
    },
    {
        "model": "forum_conversation.post",
        "pk": 17,
        "fields": {
            "created": "2023-09-07T08:59:29.174Z",
            "updated": "2023-09-07T08:59:29.193Z",
            "topic": 16,
            "poster": 17,
            "anonymous_key": null,
            "subject": "Method pressure health kid tough movement.",
            "content": "Tough stage animal ten early film try contain way three question series charge church pull two avoid quality authority not child suggest current cause defense range meet PM then field true management near any picture include data gun price computer measure.",
            "approved": true,
            "enable_signature": true,
            "update_reason": null,
            "updated_by": null,
            "updates_count": 0,
            "username": null,
            "_content_rendered": "<p>Tough stage animal ten early film try contain way three question series charge church pull two avoid quality authority not child suggest current cause defense range meet PM then field true management near any picture include data gun price computer measure.</p>"
        }
    },
    {
        "model": "forum_conversation.post",
        "pk": 18,
        "fields": {
            "created": "2023-09-07T08:59:29.225Z",
            "updated": "2023-09-07T08:59:29.243Z",
            "topic": 16,
            "poster": 17,
            "anonymous_key": null,
            "subject": "On throughout finish generation little.",
            "content": "Operation method answer table answer whole feeling go when fast she film they question power be return tax operation society their who must first story return tend blood while continue movement drug increase produce herself or move few always soldier return able response maybe have information simply production animal.",
            "approved": true,
            "enable_signature": true,
            "update_reason": null,
            "updated_by": null,
            "updates_count": 0,
            "username": null,
            "_content_rendered": "<p>Operation method answer table answer whole feeling go when fast she film they question power be return tax operation society their who must first story return tend blood while continue movement drug increase produce herself or move few always soldier return able response maybe have information simply production animal.</p>"
        }
    },
    {
        "model": "forum_conversation.post",
        "pk": 19,
        "fields": {
            "created": "2023-09-07T09:00:15.628Z",
            "updated": "2023-09-07T09:00:15.647Z",
            "topic": 17,
            "poster": 18,
            "anonymous_key": null,
            "subject": "Owner site can.",
            "content": "Skin force kid early contain traditional quickly vote make practice them bar doctor occur into goal drug local listen add whatever whatever away market head operation blue place doctor way special dark loss site.",
            "approved": true,
            "enable_signature": true,
            "update_reason": null,
            "updated_by": null,
            "updates_count": 0,
            "username": null,
            "_content_rendered": "<p>Skin force kid early contain traditional quickly vote make practice them bar doctor occur into goal drug local listen add whatever whatever away market head operation blue place doctor way special dark loss site.</p>"
        }
    },
    {
        "model": "forum_conversation.certifiedpost",
        "pk": 1,
        "fields": {
            "created": "2023-09-07T08:59:29.213Z",
            "updated": "2023-09-07T08:59:29.213Z",
            "topic": 16,
            "post": 17,
            "user": 17
        }
    },
    {
        "model": "forum_tracking.topicreadtrack",
        "pk": 1,
        "fields": {
            "user": 1,
            "topic": 16,
            "mark_time": "2023-09-07T08:59:38.067Z"
        }
    },
    {
        "model": "forum_permission.forumpermission",
        "pk": 1,
        "fields": {
            "codename": "can_see_forum"
        }
    },
    {
        "model": "forum_permission.forumpermission",
        "pk": 2,
        "fields": {
            "codename": "can_read_forum"
        }
    },
    {
        "model": "forum_permission.forumpermission",
        "pk": 3,
        "fields": {
            "codename": "can_start_new_topics"
        }
    },
    {
        "model": "forum_permission.forumpermission",
        "pk": 4,
        "fields": {
            "codename": "can_reply_to_topics"
        }
    },
    {
        "model": "forum_permission.forumpermission",
        "pk": 5,
        "fields": {
            "codename": "can_post_announcements"
        }
    },
    {
        "model": "forum_permission.forumpermission",
        "pk": 6,
        "fields": {
            "codename": "can_post_stickies"
        }
    },
    {
        "model": "forum_permission.forumpermission",
        "pk": 7,
        "fields": {
            "codename": "can_delete_own_posts"
        }
    },
    {
        "model": "forum_permission.forumpermission",
        "pk": 8,
        "fields": {
            "codename": "can_edit_own_posts"
        }
    },
    {
        "model": "forum_permission.forumpermission",
        "pk": 9,
        "fields": {
            "codename": "can_post_without_approval"
        }
    },
    {
        "model": "forum_permission.forumpermission",
        "pk": 10,
        "fields": {
            "codename": "can_create_polls"
        }
    },
    {
        "model": "forum_permission.forumpermission",
        "pk": 11,
        "fields": {
            "codename": "can_vote_in_polls"
        }
    },
    {
        "model": "forum_permission.forumpermission",
        "pk": 12,
        "fields": {
            "codename": "can_attach_file"
        }
    },
    {
        "model": "forum_permission.forumpermission",
        "pk": 13,
        "fields": {
            "codename": "can_download_file"
        }
    },
    {
        "model": "forum_permission.forumpermission",
        "pk": 14,
        "fields": {
            "codename": "can_lock_topics"
        }
    },
    {
        "model": "forum_permission.forumpermission",
        "pk": 15,
        "fields": {
            "codename": "can_move_topics"
        }
    },
    {
        "model": "forum_permission.forumpermission",
        "pk": 16,
        "fields": {
            "codename": "can_edit_posts"
        }
    },
    {
        "model": "forum_permission.forumpermission",
        "pk": 17,
        "fields": {
            "codename": "can_delete_posts"
        }
    },
    {
        "model": "forum_permission.forumpermission",
        "pk": 18,
        "fields": {
            "codename": "can_approve_posts"
        }
    },
    {
        "model": "forum_permission.forumpermission",
        "pk": 19,
        "fields": {
            "codename": "can_reply_to_locked_topics"
        }
    },
    {
        "model": "forum_permission.userforumpermission",
        "pk": 1,
        "fields": {
            "permission": 2,
            "has_perm": true,
            "forum": null,
            "user": null,
            "anonymous_user": true,
            "authenticated_user": false
        }
    },
    {
        "model": "forum_permission.userforumpermission",
        "pk": 2,
        "fields": {
            "permission": 1,
            "has_perm": true,
            "forum": null,
            "user": null,
            "anonymous_user": true,
            "authenticated_user": false
        }
    },
    {
        "model": "forum_permission.userforumpermission",
        "pk": 3,
        "fields": {
            "permission": 3,
            "has_perm": true,
            "forum": null,
            "user": null,
            "anonymous_user": true,
            "authenticated_user": false
        }
    },
    {
        "model": "forum_permission.userforumpermission",
        "pk": 4,
        "fields": {
            "permission": 5,
            "has_perm": false,
            "forum": null,
            "user": null,
            "anonymous_user": true,
            "authenticated_user": false
        }
    },
    {
        "model": "forum_permission.userforumpermission",
        "pk": 5,
        "fields": {
            "permission": 6,
            "has_perm": false,
            "forum": null,
            "user": null,
            "anonymous_user": true,
            "authenticated_user": false
        }
    },
    {
        "model": "forum_permission.userforumpermission",
        "pk": 6,
        "fields": {
            "permission": 9,
            "has_perm": true,
            "forum": null,
            "user": null,
            "anonymous_user": true,
            "authenticated_user": false
        }
    },
    {
        "model": "forum_permission.userforumpermission",
        "pk": 7,
        "fields": {
            "permission": 4,
            "has_perm": true,
            "forum": null,
            "user": null,
            "anonymous_user": true,
            "authenticated_user": false
        }
    },
    {
        "model": "forum_permission.userforumpermission",
        "pk": 8,
        "fields": {
            "permission": 7,
            "has_perm": true,
            "forum": null,
            "user": null,
            "anonymous_user": true,
            "authenticated_user": false
        }
    },
    {
        "model": "forum_permission.userforumpermission",
        "pk": 9,
        "fields": {
            "permission": 8,
            "has_perm": true,
            "forum": null,
            "user": null,
            "anonymous_user": true,
            "authenticated_user": false
        }
    },
    {
        "model": "forum_permission.userforumpermission",
        "pk": 10,
        "fields": {
            "permission": 10,
            "has_perm": false,
            "forum": null,
            "user": null,
            "anonymous_user": true,
            "authenticated_user": false
        }
    },
    {
        "model": "forum_permission.userforumpermission",
        "pk": 11,
        "fields": {
            "permission": 11,
            "has_perm": true,
            "forum": null,
            "user": null,
            "anonymous_user": true,
            "authenticated_user": false
        }
    },
    {
        "model": "forum_permission.userforumpermission",
        "pk": 12,
        "fields": {
            "permission": 12,
            "has_perm": false,
            "forum": null,
            "user": null,
            "anonymous_user": true,
            "authenticated_user": false
        }
    },
    {
        "model": "forum_permission.userforumpermission",
        "pk": 13,
        "fields": {
            "permission": 13,
            "has_perm": true,
            "forum": null,
            "user": null,
            "anonymous_user": true,
            "authenticated_user": false
        }
    },
    {
        "model": "forum_permission.userforumpermission",
        "pk": 14,
        "fields": {
            "permission": 19,
            "has_perm": false,
            "forum": null,
            "user": null,
            "anonymous_user": true,
            "authenticated_user": false
        }
    },
    {
        "model": "forum_permission.userforumpermission",
        "pk": 15,
        "fields": {
            "permission": 18,
            "has_perm": false,
            "forum": null,
            "user": null,
            "anonymous_user": true,
            "authenticated_user": false
        }
    },
    {
        "model": "forum_permission.userforumpermission",
        "pk": 16,
        "fields": {
            "permission": 15,
            "has_perm": false,
            "forum": null,
            "user": null,
            "anonymous_user": true,
            "authenticated_user": false
        }
    },
    {
        "model": "forum_permission.userforumpermission",
        "pk": 17,
        "fields": {
            "permission": 17,
            "has_perm": false,
            "forum": null,
            "user": null,
            "anonymous_user": true,
            "authenticated_user": false
        }
    },
    {
        "model": "forum_permission.userforumpermission",
        "pk": 18,
        "fields": {
            "permission": 14,
            "has_perm": false,
            "forum": null,
            "user": null,
            "anonymous_user": true,
            "authenticated_user": false
        }
    },
    {
        "model": "forum_permission.userforumpermission",
        "pk": 19,
        "fields": {
            "permission": 16,
            "has_perm": false,
            "forum": null,
            "user": null,
            "anonymous_user": true,
            "authenticated_user": false
        }
    },
    {
        "model": "forum_permission.userforumpermission",
        "pk": 20,
        "fields": {
            "permission": 2,
            "has_perm": true,
            "forum": null,
            "user": null,
            "anonymous_user": false,
            "authenticated_user": true
        }
    },
    {
        "model": "forum_permission.userforumpermission",
        "pk": 21,
        "fields": {
            "permission": 1,
            "has_perm": true,
            "forum": null,
            "user": null,
            "anonymous_user": false,
            "authenticated_user": true
        }
    },
    {
        "model": "forum_permission.userforumpermission",
        "pk": 22,
        "fields": {
            "permission": 3,
            "has_perm": true,
            "forum": null,
            "user": null,
            "anonymous_user": false,
            "authenticated_user": true
        }
    },
    {
        "model": "forum_permission.userforumpermission",
        "pk": 23,
        "fields": {
            "permission": 5,
            "has_perm": false,
            "forum": null,
            "user": null,
            "anonymous_user": false,
            "authenticated_user": true
        }
    },
    {
        "model": "forum_permission.userforumpermission",
        "pk": 24,
        "fields": {
            "permission": 6,
            "has_perm": false,
            "forum": null,
            "user": null,
            "anonymous_user": false,
            "authenticated_user": true
        }
    },
    {
        "model": "forum_permission.userforumpermission",
        "pk": 25,
        "fields": {
            "permission": 9,
            "has_perm": true,
            "forum": null,
            "user": null,
            "anonymous_user": false,
            "authenticated_user": true
        }
    },
    {
        "model": "forum_permission.userforumpermission",
        "pk": 26,
        "fields": {
            "permission": 4,
            "has_perm": true,
            "forum": null,
            "user": null,
            "anonymous_user": false,
            "authenticated_user": true
        }
    },
    {
        "model": "forum_permission.userforumpermission",
        "pk": 27,
        "fields": {
            "permission": 7,
            "has_perm": true,
            "forum": null,
            "user": null,
            "anonymous_user": false,
            "authenticated_user": true
        }
    },
    {
        "model": "forum_permission.userforumpermission",
        "pk": 28,
        "fields": {
            "permission": 8,
            "has_perm": true,
            "forum": null,
            "user": null,
            "anonymous_user": false,
            "authenticated_user": true
        }
    },
    {
        "model": "forum_permission.userforumpermission",
        "pk": 29,
        "fields": {
            "permission": 10,
            "has_perm": false,
            "forum": null,
            "user": null,
            "anonymous_user": false,
            "authenticated_user": true
        }
    },
    {
        "model": "forum_permission.userforumpermission",
        "pk": 30,
        "fields": {
            "permission": 11,
            "has_perm": true,
            "forum": null,
            "user": null,
            "anonymous_user": false,
            "authenticated_user": true
        }
    },
    {
        "model": "forum_permission.userforumpermission",
        "pk": 31,
        "fields": {
            "permission": 12,
            "has_perm": true,
            "forum": null,
            "user": null,
            "anonymous_user": false,
            "authenticated_user": true
        }
    },
    {
        "model": "forum_permission.userforumpermission",
        "pk": 32,
        "fields": {
            "permission": 13,
            "has_perm": true,
            "forum": null,
            "user": null,
            "anonymous_user": false,
            "authenticated_user": true
        }
    },
    {
        "model": "forum_permission.userforumpermission",
        "pk": 33,
        "fields": {
            "permission": 19,
            "has_perm": false,
            "forum": null,
            "user": null,
            "anonymous_user": false,
            "authenticated_user": true
        }
    },
    {
        "model": "forum_permission.userforumpermission",
        "pk": 34,
        "fields": {
            "permission": 18,
            "has_perm": false,
            "forum": null,
            "user": null,
            "anonymous_user": false,
            "authenticated_user": true
        }
    },
    {
        "model": "forum_permission.userforumpermission",
        "pk": 35,
        "fields": {
            "permission": 15,
            "has_perm": false,
            "forum": null,
            "user": null,
            "anonymous_user": false,
            "authenticated_user": true
        }
    },
    {
        "model": "forum_permission.userforumpermission",
        "pk": 36,
        "fields": {
            "permission": 17,
            "has_perm": false,
            "forum": null,
            "user": null,
            "anonymous_user": false,
            "authenticated_user": true
        }
    },
    {
        "model": "forum_permission.userforumpermission",
        "pk": 37,
        "fields": {
            "permission": 14,
            "has_perm": false,
            "forum": null,
            "user": null,
            "anonymous_user": false,
            "authenticated_user": true
        }
    },
    {
        "model": "forum_permission.userforumpermission",
        "pk": 38,
        "fields": {
            "permission": 16,
            "has_perm": false,
            "forum": null,
            "user": null,
            "anonymous_user": false,
            "authenticated_user": true
        }
    },
    {
        "model": "forum_permission.userforumpermission",
        "pk": 39,
        "fields": {
            "permission": 1,
            "has_perm": true,
            "forum": 5,
            "user": null,
            "anonymous_user": true,
            "authenticated_user": false
        }
    },
    {
        "model": "forum_permission.userforumpermission",
        "pk": 40,
        "fields": {
            "permission": 2,
            "has_perm": true,
            "forum": 5,
            "user": null,
            "anonymous_user": true,
            "authenticated_user": false
        }
    },
    {
        "model": "forum_permission.userforumpermission",
        "pk": 41,
        "fields": {
            "permission": 3,
            "has_perm": true,
            "forum": 5,
            "user": null,
            "anonymous_user": true,
            "authenticated_user": false
        }
    },
    {
        "model": "forum_permission.userforumpermission",
        "pk": 42,
        "fields": {
            "permission": 4,
            "has_perm": true,
            "forum": 5,
            "user": null,
            "anonymous_user": true,
            "authenticated_user": false
        }
    },
    {
        "model": "forum_permission.userforumpermission",
        "pk": 43,
        "fields": {
            "permission": 7,
            "has_perm": true,
            "forum": 5,
            "user": null,
            "anonymous_user": true,
            "authenticated_user": false
        }
    },
    {
        "model": "forum_permission.userforumpermission",
        "pk": 44,
        "fields": {
            "permission": 8,
            "has_perm": true,
            "forum": 5,
            "user": null,
            "anonymous_user": true,
            "authenticated_user": false
        }
    },
    {
        "model": "forum_permission.userforumpermission",
        "pk": 45,
        "fields": {
            "permission": 9,
            "has_perm": true,
            "forum": 5,
            "user": null,
            "anonymous_user": true,
            "authenticated_user": false
        }
    },
    {
        "model": "forum_permission.userforumpermission",
        "pk": 46,
        "fields": {
            "permission": 1,
            "has_perm": true,
            "forum": 5,
            "user": null,
            "anonymous_user": false,
            "authenticated_user": true
        }
    },
    {
        "model": "forum_permission.userforumpermission",
        "pk": 47,
        "fields": {
            "permission": 2,
            "has_perm": true,
            "forum": 5,
            "user": null,
            "anonymous_user": false,
            "authenticated_user": true
        }
    },
    {
        "model": "forum_permission.userforumpermission",
        "pk": 48,
        "fields": {
            "permission": 3,
            "has_perm": true,
            "forum": 5,
            "user": null,
            "anonymous_user": false,
            "authenticated_user": true
        }
    },
    {
        "model": "forum_permission.userforumpermission",
        "pk": 49,
        "fields": {
            "permission": 4,
            "has_perm": true,
            "forum": 5,
            "user": null,
            "anonymous_user": false,
            "authenticated_user": true
        }
    },
    {
        "model": "forum_permission.userforumpermission",
        "pk": 50,
        "fields": {
            "permission": 7,
            "has_perm": true,
            "forum": 5,
            "user": null,
            "anonymous_user": false,
            "authenticated_user": true
        }
    },
    {
        "model": "forum_permission.userforumpermission",
        "pk": 51,
        "fields": {
            "permission": 8,
            "has_perm": true,
            "forum": 5,
            "user": null,
            "anonymous_user": false,
            "authenticated_user": true
        }
    },
    {
        "model": "forum_permission.userforumpermission",
        "pk": 52,
        "fields": {
            "permission": 9,
            "has_perm": true,
            "forum": 5,
            "user": null,
            "anonymous_user": false,
            "authenticated_user": true
        }
    },
    {
        "model": "forum_permission.userforumpermission",
        "pk": 53,
        "fields": {
            "permission": 1,
            "has_perm": true,
            "forum": 10,
            "user": null,
            "anonymous_user": true,
            "authenticated_user": false
        }
    },
    {
        "model": "forum_permission.userforumpermission",
        "pk": 54,
        "fields": {
            "permission": 2,
            "has_perm": true,
            "forum": 10,
            "user": null,
            "anonymous_user": true,
            "authenticated_user": false
        }
    },
    {
        "model": "forum_permission.userforumpermission",
        "pk": 55,
        "fields": {
            "permission": 3,
            "has_perm": true,
            "forum": 10,
            "user": null,
            "anonymous_user": true,
            "authenticated_user": false
        }
    },
    {
        "model": "forum_permission.userforumpermission",
        "pk": 56,
        "fields": {
            "permission": 4,
            "has_perm": true,
            "forum": 10,
            "user": null,
            "anonymous_user": true,
            "authenticated_user": false
        }
    },
    {
        "model": "forum_permission.userforumpermission",
        "pk": 57,
        "fields": {
            "permission": 7,
            "has_perm": true,
            "forum": 10,
            "user": null,
            "anonymous_user": true,
            "authenticated_user": false
        }
    },
    {
        "model": "forum_permission.userforumpermission",
        "pk": 58,
        "fields": {
            "permission": 8,
            "has_perm": true,
            "forum": 10,
            "user": null,
            "anonymous_user": true,
            "authenticated_user": false
        }
    },
    {
        "model": "forum_permission.userforumpermission",
        "pk": 59,
        "fields": {
            "permission": 9,
            "has_perm": true,
            "forum": 10,
            "user": null,
            "anonymous_user": true,
            "authenticated_user": false
        }
    },
    {
        "model": "forum_permission.userforumpermission",
        "pk": 60,
        "fields": {
            "permission": 1,
            "has_perm": true,
            "forum": 10,
            "user": null,
            "anonymous_user": false,
            "authenticated_user": true
        }
    },
    {
        "model": "forum_permission.userforumpermission",
        "pk": 61,
        "fields": {
            "permission": 2,
            "has_perm": true,
            "forum": 10,
            "user": null,
            "anonymous_user": false,
            "authenticated_user": true
        }
    },
    {
        "model": "forum_permission.userforumpermission",
        "pk": 62,
        "fields": {
            "permission": 3,
            "has_perm": true,
            "forum": 10,
            "user": null,
            "anonymous_user": false,
            "authenticated_user": true
        }
    },
    {
        "model": "forum_permission.userforumpermission",
        "pk": 63,
        "fields": {
            "permission": 4,
            "has_perm": true,
            "forum": 10,
            "user": null,
            "anonymous_user": false,
            "authenticated_user": true
        }
    },
    {
        "model": "forum_permission.userforumpermission",
        "pk": 64,
        "fields": {
            "permission": 7,
            "has_perm": true,
            "forum": 10,
            "user": null,
            "anonymous_user": false,
            "authenticated_user": true
        }
    },
    {
        "model": "forum_permission.userforumpermission",
        "pk": 65,
        "fields": {
            "permission": 8,
            "has_perm": true,
            "forum": 10,
            "user": null,
            "anonymous_user": false,
            "authenticated_user": true
        }
    },
    {
        "model": "forum_permission.userforumpermission",
        "pk": 66,
        "fields": {
            "permission": 9,
            "has_perm": true,
            "forum": 10,
            "user": null,
            "anonymous_user": false,
            "authenticated_user": true
        }
    },
    {
        "model": "taggit.tag",
        "pk": 1,
        "fields": {
            "name": "Devenir CIP",
            "slug": "devenir-cip"
        }
    },
    {
        "model": "taggit.tag",
        "pk": 2,
        "fields": {
            "name": "Handicap",
            "slug": "handicap"
        }
    },
    {
        "model": "taggit.tag",
        "pk": 3,
        "fields": {
            "name": "Formations",
            "slug": "formations"
        }
    },
    {
        "model": "taggit.taggeditem",
        "pk": 1,
        "fields": {
            "tag": 1,
            "content_type": 12,
            "object_id": 1
        }
    },
    {
        "model": "taggit.taggeditem",
        "pk": 2,
        "fields": {
            "tag": 1,
            "content_type": 12,
            "object_id": 2
        }
    },
    {
        "model": "taggit.taggeditem",
        "pk": 3,
        "fields": {
            "tag": 1,
            "content_type": 12,
            "object_id": 3
        }
    },
    {
        "model": "taggit.taggeditem",
        "pk": 4,
        "fields": {
            "tag": 1,
            "content_type": 12,
            "object_id": 4
        }
    },
    {
        "model": "taggit.taggeditem",
        "pk": 5,
        "fields": {
            "tag": 1,
            "content_type": 12,
            "object_id": 5
        }
    },
    {
        "model": "taggit.taggeditem",
        "pk": 6,
        "fields": {
            "tag": 1,
            "content_type": 12,
            "object_id": 6
        }
    },
    {
        "model": "taggit.taggeditem",
        "pk": 7,
        "fields": {
            "tag": 1,
            "content_type": 12,
            "object_id": 7
        }
    },
    {
        "model": "taggit.taggeditem",
        "pk": 8,
        "fields": {
            "tag": 1,
            "content_type": 12,
            "object_id": 8
        }
    },
    {
        "model": "taggit.taggeditem",
        "pk": 9,
        "fields": {
            "tag": 1,
            "content_type": 12,
            "object_id": 9
        }
    },
    {
        "model": "taggit.taggeditem",
        "pk": 10,
        "fields": {
            "tag": 1,
            "content_type": 12,
            "object_id": 10
        }
    },
    {
        "model": "taggit.taggeditem",
        "pk": 11,
        "fields": {
            "tag": 1,
            "content_type": 12,
            "object_id": 11
        }
    },
    {
        "model": "taggit.taggeditem",
        "pk": 12,
        "fields": {
            "tag": 1,
            "content_type": 12,
            "object_id": 12
        }
    },
    {
        "model": "taggit.taggeditem",
        "pk": 13,
        "fields": {
            "tag": 2,
            "content_type": 12,
            "object_id": 16
        }
    },
    {
        "model": "taggit.taggeditem",
        "pk": 14,
        "fields": {
            "tag": 3,
            "content_type": 12,
            "object_id": 17
        }
    }
]
